employeeId,certificationId,__v,approvalStatus
67038070cb9c1dddc0cc23be,6703800ccb9c1dddc0cc23ba,0,
6703a8865139b9ba09e347dd,67037feccb9c1dddc0cc23ab,0,
6703a9d46170884d8b453af6,67037feccb9c1dddc0cc23ab,0,
6703a9d46170884d8b453af6,6703800ccb9c1dddc0cc23ba,0,
6703a9d46170884d8b453af6,67037ff3cb9c1dddc0cc23ae,0,
6703a8865139b9ba09e347dd,67037ff3cb9c1dddc0cc23ae,0,
6703c5916c9929060daebf50,67037ffacb9c1dddc0cc23b1,0,Pending
6703c5916c9929060daebf50,67037feccb9c1dddc0cc23ab,0,Pending
6703c5916c9929060daebf50,6703800ccb9c1dddc0cc23ba,0,Pending
6703a9d46170884d8b453af6,6703f46bce0cd178b03cb035,0,Pending
6703a9d46170884d8b453af6,67037ffacb9c1dddc0cc23b1,0,Pending
6704ba26456f6c7feca75a89,67037feccb9c1dddc0cc23ab,0,Pending
6704c1318baade81ddae94c3,6704bb9c27b22f35428248f1,0,Pending
6704c2438baade81ddae94fb,6704bb9c27b22f35428248f1,0,Pending
6704c2438baade81ddae94fb,6703800ccb9c1dddc0cc23ba,0,Pending
6704c2438baade81ddae94fb,67038005cb9c1dddc0cc23b7,0,Pending
6704c2438baade81ddae94fb,67038000cb9c1dddc0cc23b4,0,Pending
67076f8e99a5df90af4698b3,6704c1a48baade81ddae94f7,0,Pending
67076f8e99a5df90af4698b3,6703f46bce0cd178b03cb035,0,Pending
67076f8e99a5df90af4698b3,67038005cb9c1dddc0cc23b7,0,Pending
