employee_id,course_count
1003,3
1008,2
1011,3
1027,1
1044,2
1047,1
1049,1
1052,1
1053,2
1054,1
1056,1
1060,1
1073,1
1077,3
1099,1
1114,3
1143,1
1152,2
1153,1
1158,2
1161,1
1162,3
1172,2
1180,2
1190,2
1192,1
1203,3
1209,3
1238,3
1246,3
1247,3
1274,3
1280,1
1285,3
1286,1
1288,3
1296,3
1297,3
1318,1
1342,1
1345,3
1349,2
1359,3
1362,3
1369,3
1377,3
1379,2
1382,1
1384,2
1392,3
1400,3
1414,1
1415,2
1420,2
1429,2
1475,3
1478,3
1503,2
1506,3
1528,1
1534,1
1537,1
1539,2
1554,2
1574,2
1578,3
1586,2
1590,2
1593,2
1603,3
1624,3
1628,1
1630,1
1633,2
1639,2
1646,2
1656,3
1674,2
1688,2
1692,1
1694,2
1699,2
1710,3
1717,1
1732,1
1735,1
1738,1
1755,3
1766,3
1767,3
1771,3
1775,1
1796,1
1842,1
1859,1
1868,1
1875,2
1886,2
1888,1
1898,1
1906,1
1912,1
1913,3
1917,3
1924,1
1931,1
1948,3
1960,2
1971,3
1975,1
1977,3
1979,2
1980,1
1984,1
1987,1
1988,2
2000,3
2003,3
2016,2
2020,3
2040,3
2041,3
2062,2
2074,3
2075,1
2091,3
2120,1
2133,3
2136,1
2152,1
2167,1
2201,2
2203,1
2219,3
2224,3
2228,3
2254,2
2255,3
2261,2
2271,1
2280,1
2281,1
2284,1
2296,2
2301,1
2305,3
2316,1
2321,1
2346,3
2363,3
2380,2
2413,3
2438,3
2447,3
2463,1
2467,2
2479,2
2482,2
2489,3
2499,1
2506,2
2515,3
2520,2
2525,1
2541,3
2542,2
2545,2
2547,2
2549,1
2550,1
2565,2
2566,3
2569,3
2580,3
2591,1
2598,1
2605,3
2609,2
2610,1
2633,3
2635,3
2637,1
2653,1
2682,2
2695,3
2698,1
2704,3
2713,2
2720,1
2723,1
2724,1
2727,2
2730,3
2732,1
2733,3
2739,3
2764,3
2766,3
2806,3
2826,3
2831,3
2837,1
2849,1
2854,2
2866,2
2881,1
2888,2
2889,2
2903,3
2907,1
2912,1
2937,2
2940,3
2941,3
2945,3
2947,1
2959,2
2963,1
2965,2
2970,1
2974,2
2988,1
2996,3
3008,2
3011,2
3019,3
3022,1
3028,3
3032,2
3038,2
3046,1
3048,2
3064,2
3069,1
3090,1
3102,3
3104,2
3113,3
3122,2
3123,2
3132,3
3144,2
3151,3
3153,2
3156,1
3166,2
3194,1
3197,1
3199,2
3226,3
3228,1
3234,2
3246,1
3250,2
3260,3
3263,2
3268,2
3272,3
3275,3
3313,3
3322,3
3329,3
3334,1
3342,1
3360,3
3371,2
3377,1
3378,2
3384,2
3387,2
3399,2
3400,1
3401,2
3402,1
3409,1
3415,3
3420,2
3426,1
3437,3
3442,1
3473,3
3483,3
3506,1
3507,1
3524,1
3526,3
3543,1
3544,2
3545,1
3550,3
3556,3
3571,2
3574,3
3585,3
3598,3
3605,3
3606,2
3644,2
3678,3
3683,2
3698,1
3714,3
3756,2
3763,1
3766,1
3776,2
3784,1
3791,2
3792,1
3797,2
3802,2
3807,2
3812,3
3829,1
3847,3
3856,1
3879,2
3881,1
3887,1
3936,1
3944,3
3953,2
3966,3
3978,2
3982,1
3986,3
3988,2
4006,3
4009,2
4013,1
4014,3
4022,2
4024,3
4025,1
4033,1
4034,1
4037,1
4048,3
4084,2
4089,1
4096,2
4100,3
4106,3
4111,3
4112,2
4132,2
4149,2
4159,2
4164,3
4172,1
4180,3
4194,3
4199,1
4200,1
4206,3
4218,2
4222,2
4245,3
4252,2
4277,3
4282,3
4289,3
4295,3
4301,2
4319,1
4320,2
4344,1
4351,1
4353,1
4364,2
4382,3
4392,3
4411,1
4436,1
4450,3
4468,2
4503,1
4505,1
4511,2
4524,3
4527,2
4548,1
4558,2
4566,3
4595,2
4605,2
4615,1
4619,2
4628,3
4631,3
4634,1
4654,2
4656,2
4676,3
4698,1
4701,2
4707,1
4716,1
4718,1
4719,3
4722,1
4733,3
4736,1
4742,2
4776,1
4801,3
4805,1
4810,1
4811,1
4814,1
4815,2
4827,1
4838,1
4853,1
4858,3
4888,3
4889,1
4909,2
4919,2
4967,3
4980,3
4997,2
5012,3
5020,3
5030,3
5036,3
5039,3
5045,1
5049,3
5069,3
5072,1
5074,3
5083,1
5086,1
5087,3
5091,1
5093,1
5101,3
5104,3
5111,1
5144,1
5168,3
5177,3
5186,3
5194,2
5196,1
5197,2
5199,1
5205,3
5246,1
5256,1
5260,1
5262,3
5275,1
5291,2
5306,1
5311,3
5337,2
5342,3
5345,2
5360,1
5372,3
5384,1
5401,2
5419,1
5429,2
5439,3
5440,3
5446,1
5457,2
5461,3
5466,2
5483,1
5507,1
5512,3
5524,2
5534,3
5540,2
5545,1
5546,1
5559,1
5560,1
5566,2
5569,1
5578,1
5598,3
5622,1
5630,2
5640,3
5650,2
5669,1
5680,3
5700,2
5716,3
5738,2
5743,3
5765,2
5770,3
5777,1
5785,1
5795,3
5797,1
5799,2
5806,2
5809,2
5823,3
5825,3
5828,1
5829,3
5838,1
5850,2
5860,1
5864,2
5868,2
5869,3
5870,2
5873,1
5890,3
5898,1
5925,1
5927,2
5935,1
5939,3
5940,3
5965,3
5988,3
5993,3
6004,3
6008,3
6009,1
6018,2
6020,2
6022,2
6032,3
6036,1
6039,1
6043,1
6053,2
6055,2
6075,1
6106,2
6159,2
6161,1
6162,2
6195,2
6197,3
6205,1
6220,1
6223,3
6234,3
6256,1
6269,3
6275,1
6280,2
6292,2
6294,1
6296,3
6299,1
6302,1
6308,3
6327,1
6334,3
6335,2
6344,2
6350,3
6364,1
6372,2
6377,3
6404,1
6442,2
6459,3
6469,1
6476,2
6496,1
6503,2
6524,2
6532,2
6538,2
6558,3
6562,2
6573,1
6590,2
6612,1
6630,2
6631,1
6641,3
6653,3
6654,3
6655,3
6660,1
6688,3
6704,1
6705,2
6721,1
6734,2
6749,3
6756,2
6757,3
6759,2
6767,3
6807,3
6811,3
6829,2
6832,3
6843,2
6856,2
6871,3
6873,3
6877,2
6879,3
6881,3
6888,1
6898,2
6905,2
6906,1
6929,2
6938,3
6944,1
6948,3
6951,1
6956,1
6960,1
6970,1
6974,1
6985,2
7003,3
7008,2
7035,3
7036,3
7053,1
7054,3
7062,2
7067,1
7068,2
7073,3
7085,1
7095,2
7111,1
7114,1
7123,1
7150,2
7159,3
7167,1
7205,3
7208,2
7233,2
7236,3
7249,3
7257,3
7261,2
7267,3
7269,3
7277,2
7289,2
7295,2
7298,1
7307,2
7315,2
7317,2
7320,1
7326,1
7327,2
7332,3
7340,1
7349,3
7350,1
7364,1
7373,2
7375,1
7378,2
7399,3
7418,1
7434,3
7437,1
7458,3
7459,1
7468,3
7471,3
7473,1
7482,1
7483,1
7503,3
7520,1
7524,1
7540,2
7541,3
7543,2
7548,3
7563,1
7584,3
7589,3
7603,1
7607,1
7619,2
7620,2
7627,3
7629,1
7634,3
7643,2
7650,1
7661,3
7664,2
7673,2
7676,1
7691,2
7695,2
7702,3
7710,3
7719,1
7735,3
7747,2
7772,3
7790,3
7799,1
7801,3
7804,3
7809,1
7810,3
7819,1
7832,2
7847,1
7854,1
7857,2
7901,1
7905,2
7908,2
7909,1
7915,2
7927,3
7938,3
7941,3
7947,2
7948,3
7949,2
7987,2
7990,1
7996,3
8009,3
8024,2
8027,1
8031,3
8041,3
8050,2
8084,2
8087,2
8101,1
8116,2
8124,2
8128,2
8136,1
8137,3
8140,3
8190,1
8205,2
8214,3
8221,3
8238,1
8260,2
8263,1
8270,1
8275,2
8276,2
8302,1
8306,3
8317,3
8333,2
8341,3
8349,2
8350,3
8362,2
8367,2
8380,3
8381,2
8390,2
8398,3
8405,1
8406,2
8409,2
8416,2
8417,2
8423,2
8430,1
8456,1
8457,1
8462,2
8472,2
8491,2
8492,1
8502,1
8508,2
8518,3
8530,1
8531,2
8545,1
8548,1
8557,2
8558,1
8560,1
8582,2
8587,1
8589,3
8591,2
8596,2
8601,2
8611,2
8612,3
8622,1
8639,2
8641,2
8654,3
8682,2
8685,1
8687,3
8689,2
8702,1
8716,2
8721,1
8742,3
8744,3
8748,2
8749,1
8751,1
8758,1
8771,3
8780,2
8782,1
8785,1
8792,3
8809,2
8813,3
8814,2
8821,3
8825,1
8847,2
8848,3
8851,3
8853,2
8863,3
8877,1
8922,1
8934,2
8941,3
8942,1
8943,2
8947,3
8975,2
8990,2
8994,2
8996,3
9005,2
9008,1
9023,2
9033,3
9038,3
9050,2
9058,3
9069,2
9078,3
9094,1
9113,2
9132,1
9135,2
9148,2
9152,3
9153,3
9160,3
9169,1
9171,3
9172,1
9178,1
9187,1
9198,3
9208,1
9221,3
9224,1
9231,3
9250,2
9278,2
9284,3
9294,1
9299,3
9301,1
9306,3
9316,2
9324,1
9330,2
9334,3
9343,2
9346,1
9352,2
9383,1
9398,2
9407,3
9412,3
9445,3
9472,1
9473,1
9504,1
9508,3
9509,1
9519,2
9521,2
9587,1
9601,3
9607,1
9613,1
9615,1
9633,2
9636,1
9637,1
9662,2
9668,2
9681,2
9684,3
9686,1
9704,3
9705,3
9734,3
9735,2
9739,2
9750,1
9789,3
9810,2
9811,2
9816,2
9843,2
9881,1
9893,2
9902,1
9910,2
9916,3
9917,2
9939,1
9948,1
9954,3
9957,2
9968,2
9980,3
9989,1
9993,2
9997,1
10005,1
10014,2
10019,3
10031,1
10033,3
10043,2
10047,1
10058,1
10068,3
10072,3
10077,3
10094,2
10107,1
10109,1
10121,3
10127,1
10131,1
10143,1
10145,1
10146,2
10151,2
10167,1
10175,1
10176,1
10183,3
10199,2
10202,1
10207,2
10208,1
10216,2
10241,1
10261,2
10266,3
10287,3
10308,3
10309,1
10320,1
10323,1
10338,2
10344,1
10351,1
10356,3
10359,3
10365,2
10367,2
10372,3
10380,1
10384,2
10385,2
10391,2
10402,1
10408,2
10448,2
10474,2
10484,3
10487,1
10500,2
10505,3
10507,2
10511,3
10520,2
10525,2
10533,1
10570,2
10576,3
10584,1
10586,3
10595,3
10622,2
10634,2
10649,2
10670,1
10672,3
10679,3
10695,2
10697,3
10703,2
10706,1
10709,1
10722,3
10748,1
10756,1
10767,3
10769,1
10775,1
10784,2
10798,2
10828,2
10835,2
10854,3
10861,1
10875,3
10879,2
10880,2
10881,3
10898,3
10923,2
10924,3
10925,1
10936,1
10946,2
10950,2
10956,3
10974,1
10989,1
11005,1
11009,2
11039,3
11050,3
11069,2
11081,2
11093,3
11103,2
11106,3
11112,3
11123,2
11124,3
11131,3
11132,3
11141,3
11157,1
11166,1
11171,1
11195,2
11209,1
11240,3
11251,2
11256,2
11257,2
11266,1
11287,1
11293,3
11294,3
11295,3
11302,1
11320,1
11321,2
11323,3
11329,3
11334,1
11342,2
11349,1
11369,3
11371,1
11387,2
11398,2
11408,1
11419,1
11436,2
11453,3
11454,2
11461,1
11472,1
11481,3
11482,1
11484,3
11509,3
11512,2
11513,3
11515,2
11553,2
11568,1
11572,1
11604,2
11605,1
11615,2
11624,3
11628,3
11648,1
11669,2
11671,2
11674,1
11689,1
11694,1
11732,3
11733,1
11760,2
11771,3
11776,1
11779,3
11788,3
11811,2
11818,1
11834,3
11836,2
11844,1
11864,2
11877,2
11884,2
11890,3
11906,2
11909,3
11919,1
11922,3
11927,2
11931,3
11950,3
11954,1
11965,1
11981,2
11982,1
12008,3
12009,1
12012,3
12016,3
12028,2
12059,2
12063,3
12072,1
12083,3
12103,1
12110,3
12118,1
12136,2
12144,1
12161,1
12171,1
12182,3
12200,1
12203,2
12211,2
12218,2
12220,2
12240,1
12244,3
12260,1
12264,1
12273,3
12274,1
12276,2
12296,2
12305,1
12320,1
12362,2
12366,2
12384,1
12401,1
12408,2
12409,2
12411,1
12414,2
12430,2
12447,3
12456,3
12476,1
12493,3
12503,3
12529,3
12531,1
12544,1
12574,1
12593,3
12594,1
12599,3
12601,3
12607,1
12614,1
12616,3
12628,3
12649,1
12663,1
12664,2
12674,3
12687,2
12707,2
12713,2
12720,1
12727,2
12748,2
12755,1
12768,2
12793,2
12803,1
12821,2
12828,2
12834,1
12838,3
12842,2
12843,3
12845,1
12850,1
12860,3
12864,2
12877,1
12912,2
12919,1
12936,3
12942,1
12957,2
12980,1
12986,3
12990,3
12997,2
13009,2
13016,1
13021,2
13031,1
13032,3
13033,1
13066,3
13070,1
13071,2
13092,1
13098,2
13099,3
13103,3
13132,2
13133,2
13134,1
13135,1
13149,2
13160,2
13174,2
13178,2
13182,3
13183,3
13191,2
13202,1
13205,3
13210,3
13222,2
13226,3
13230,1
13234,1
13248,3
13256,2
13263,2
13275,2
13279,2
13304,1
13305,1
13308,1
13390,3
13403,1
13420,1
13449,1
13453,3
13470,2
13482,3
13483,2
13484,2
13502,2
13510,3
13524,2
13525,1
13555,3
13567,1
13568,3
13575,3
13579,1
13585,3
13606,2
13607,2
13625,2
13637,2
13644,3
13656,3
13662,2
13663,1
13665,2
13672,2
13679,2
13710,1
13732,2
13733,1
13742,2
13756,1
13803,1
13807,2
13819,1
13822,3
13847,2
13862,3
13880,2
13889,2
13901,1
13910,1
13913,2
13914,1
13921,3
13923,1
13925,3
13940,3
13955,3
13956,3
13957,3
13964,1
13984,2
13987,3
14004,3
14008,1
14009,1
14024,2
14033,2
14034,1
14041,2
14045,2
14059,2
14072,2
14080,1
14083,2
14102,3
14109,1
14111,1
14112,2
14122,1
14127,2
14133,3
14163,3
14164,2
14173,1
14196,1
14212,2
14224,1
14231,1
14238,3
14268,1
14269,3
14274,1
14278,1
14282,3
14298,3
14318,1
14355,2
14362,3
14373,2
14374,2
14382,1
14389,1
14391,2
14395,3
14415,2
14419,3
14431,1
14451,2
14459,3
14473,1
14475,2
14477,2
14500,2
14503,2
14518,3
14536,3
14549,1
14552,1
14561,2
14565,1
14575,3
14577,1
14580,2
14582,3
14607,3
14612,3
14622,2
14638,1
14649,2
14662,1
14669,1
14672,2
14681,1
14683,2
14705,2
14725,2
14730,1
14737,3
14748,2
14796,3
14829,2
14830,2
14832,2
14834,2
14846,2
14854,1
14864,1
14869,2
14879,3
14884,2
14888,3
14896,2
14917,3
14927,1
14934,2
14938,1
14944,1
14965,2
14993,1
15001,1
15007,2
15010,2
15013,2
15024,1
15025,2
15028,2
15033,2
15036,1
15040,1
15047,1
15073,1
15081,3
15093,3
15098,2
15106,3
15109,1
15113,2
15147,2
15148,1
15158,2
15168,3
15169,1
15179,3
15236,3
15242,3
15244,3
15246,2
15251,2
15254,3
15259,3
15260,1
15261,1
15263,2
15266,3
15289,3
15305,1
15315,3
15329,3
15335,1
15337,3
15387,1
15390,3
15399,2
15410,2
15416,3
15420,2
15422,3
15449,3
15454,3
15497,1
15509,1
15516,1
15545,3
15552,3
15610,3
15620,1
15630,3
15638,1
15645,2
15647,2
15669,3
15678,1
15685,3
15699,3
15701,3
15707,2
15712,2
15716,1
15731,1
15733,2
15758,1
15759,2
15775,3
15777,2
15788,1
15797,3
15835,3
15841,3
15844,1
15850,2
15854,3
15858,1
15869,2
15873,2
15877,1
15903,2
15905,3
15907,1
15921,3
15930,3
15936,3
15937,2
15938,1
15944,1
15951,2
15956,1
15966,1
15969,3
15978,3
15982,3
15995,3
16002,2
16007,3
16008,2
16010,3
16012,2
16017,1
16030,3
16059,2
16066,1
16072,3
16086,3
16089,2
16090,1
16092,2
16093,3
16110,1
16114,3
16124,3
16130,3
16135,3
16139,3
16141,1
16146,3
16156,3
16160,3
16189,3
16206,1
16212,3
16218,3
16235,1
16256,1
16260,2
16276,2
16285,3
16305,1
16306,3
16312,3
16316,3
16341,2
16343,2
16344,3
16350,3
16360,2
16363,1
16379,2
16380,1
16387,2
16390,2
16394,2
16398,1
16408,3
16416,1
16423,1
16430,1
16435,1
16439,3
16440,2
16445,1
16446,3
16448,2
16449,3
16452,2
16454,1
16456,2
16472,3
16478,2
16483,3
16502,3
16505,1
16508,1
16510,2
16526,1
16532,2
16539,3
16553,2
16575,2
16583,2
16584,3
16602,2
16604,1
16607,3
16614,3
16628,3
16643,2
16653,3
16659,2
16664,3
16670,1
16674,3
16697,3
16710,2
16712,1
16718,1
16754,2
16755,2
16763,2
16776,3
16798,3
16801,2
16805,2
16816,1
16833,2
16835,2
16836,3
16860,2
16887,3
16892,1
16900,2
16908,1
16924,3
16933,2
16943,3
16946,1
16958,1
16960,1
16965,1
16991,3
16993,3
16996,3
17012,3
17019,1
17040,3
17046,1
17060,1
17066,2
17083,1
17090,2
17093,1
17115,1
17126,2
17149,1
17156,3
17163,1
17173,3
17177,1
17180,2
17182,1
17190,2
17195,2
17197,1
17198,3
17199,3
17201,1
17206,3
17222,2
17230,1
17234,3
17237,1
17238,1
17246,2
17248,2
17249,1
17262,3
17272,3
17306,1
17312,3
17350,3
17366,1
17376,3
17398,3
17405,3
17412,1
17435,3
17436,1
17448,3
17479,3
17480,1
17496,1
17499,1
17514,2
17519,1
17530,1
17548,1
17554,3
17570,2
17571,3
17583,2
17612,2
17616,2
17618,1
17619,2
17625,1
17635,1
17636,1
17637,1
17638,3
17639,2
17650,1
17661,2
17708,3
17713,2
17715,1
17718,1
17727,1
17750,1
17752,3
17762,2
17767,3
17792,3
17798,1
17809,3
17814,2
17836,3
17846,2
17851,3
17852,1
17862,3
17869,2
17875,3
17883,1
17893,1
17895,3
17922,2
17924,3
17941,1
17951,2
17963,1
17971,3
17985,3
17991,2
17992,1
18032,1
18046,2
18050,2
18053,1
18062,1
18078,1
18083,3
18090,2
18110,1
18111,2
18127,3
18130,3
18133,2
18136,1
18150,3
18165,3
18170,2
18183,2
18224,3
18253,1
18259,1
18294,2
18309,3
18312,1
18317,3
18325,1
18334,3
18338,3
18350,2
18370,1
18377,1
18379,2
18388,3
18407,1
18409,1
18411,2
18412,1
18414,2
18429,1
18445,1
18454,1
18463,2
18476,1
18478,1
18487,2
18513,2
18519,1
18543,2
18548,3
18553,1
18560,2
18561,2
18565,1
18567,2
18578,3
18585,1
18592,1
18610,1
18617,1
18637,1
18646,1
18649,2
18656,2
18658,3
18669,1
18695,1
18707,3
18716,1
18720,2
18758,1
18786,3
18797,1
18806,1
18824,3
18838,1
18861,3
18878,3
18909,2
18913,1
18920,2
18929,3
18933,2
18951,2
18952,2
18954,1
18965,1
18968,3
18971,2
18978,3
18992,3
18995,3
19007,1
19034,2
19065,2
19074,2
19077,2
19078,2
19082,2
19087,1
19092,1
19096,2
19120,2
19128,3
19140,2
19144,3
19152,2
19162,3
19164,2
19168,2
19191,3
19198,3
19204,3
19211,1
19216,2
19232,2
19240,3
19247,1
19250,3
19259,2
19260,2
19281,1
19287,2
19292,2
19293,2
19295,3
19296,1
19315,1
19320,2
19328,2
19330,2
19333,2
19339,3
19341,2
19347,1
19349,2
19350,3
19363,2
19368,3
19374,1
19376,3
19386,2
19391,3
19393,3
19395,1
19396,3
19402,3
19423,1
19425,1
19428,1
19455,2
19466,1
19480,2
19482,2
19492,3
19494,2
19505,1
19523,1
19537,2
19559,2
19561,1
19567,2
19568,2
19580,1
19585,3
19607,3
19616,2
19618,3
19644,1
19647,1
19648,1
19663,1
19676,3
19679,2
19686,1
19690,3
19696,3
19698,1
19711,3
19726,1
19728,2
19730,3
19740,1
19744,3
19757,1
19767,2
19771,1
19781,3
19786,3
19787,1
19789,3
19805,2
19827,3
19836,3
19838,2
19845,3
19861,2
19867,2
19868,1
19880,2
19893,3
19897,3
19927,2
19936,3
19939,2
19962,1
19966,3
19967,1
19977,2
19985,3
19989,2
20014,3
20018,1
20023,2
20036,1
20041,2
20051,3
20056,2
20062,3
20071,2
20084,3
20104,2
20106,2
20109,3
20114,2
20128,2
20133,3
20145,1
20158,3
20162,3
20164,1
20192,1
20207,3
20209,2
20219,3
20221,3
20228,3
20235,3
20243,2
20270,1
20286,2
20301,1
20305,1
20311,2
20316,3
20318,3
20323,1
20336,1
20341,1
20348,3
20362,3
20374,1
20378,2
20383,1
20400,1
20419,3
20438,1
20442,1
20449,1
20454,1
20474,1
20484,2
20486,1
20511,3
20516,2
20525,2
20532,1
20542,3
20547,3
20559,3
20596,1
20602,3
20607,3
20609,2
20617,2
20618,3
20628,2
20636,3
20642,1
20662,3
20669,3
20677,1
20678,2
20692,2
20698,1
20716,3
20730,3
20731,2
20734,1
20754,3
20783,1
20784,2
20805,2
20808,2
20824,3
20833,1
20838,3
20843,1
20847,2
20848,1
20851,1
20857,2
20863,3
20868,1
20872,3
20886,1
20909,2
20910,3
20924,1
20926,1
20931,2
20933,2
20935,3
20957,1
20986,3
20996,3
21002,3
21037,3
21040,2
21043,3
21047,2
21065,1
21072,2
21087,1
21097,1
21099,1
21114,2
21123,1
21130,1
21137,2
21141,2
21172,1
21173,3
21192,2
21197,3
21201,1
21204,1
21215,3
21237,1
21276,3
21299,1
21321,3
21326,3
21339,1
21343,1
21362,1
21367,3
21426,2
21431,3
21436,3
21442,3
21477,2
21484,3
21492,3
21496,1
21499,3
21512,3
21525,3
21526,2
21529,2
21533,2
21540,3
21552,3
21563,1
21565,3
21568,3
21582,2
21600,2
21606,1
21641,2
21643,3
21660,3
21666,1
21672,1
21681,3
21689,2
21697,3
21698,2
21703,2
21705,1
21735,1
21736,3
21758,3
21761,1
21763,3
21776,1
21784,1
21787,2
21795,1
21803,3
21806,1
21824,3
21828,3
21836,2
21844,3
21848,2
21857,1
21858,2
21896,3
21898,3
21899,3
21907,2
21908,1
21928,2
21935,1
21990,2
21997,3
22007,1
22008,2
22034,3
22046,3
22064,3
22077,3
22083,2
22096,3
22110,1
22113,1
22116,1
22117,1
22125,1
22127,1
22138,2
22162,3
22166,2
22184,3
22201,2
22210,3
22213,2
22215,2
22221,1
22246,1
22253,2
22279,1
22303,3
22304,2
22314,2
22315,1
22329,2
22338,1
22340,1
22356,2
22380,3
22384,2
22385,3
22401,3
22415,3
22419,3
22427,2
22475,3
22478,3
22493,1
22521,3
22523,1
22547,1
22577,1
22580,2
22589,1
22601,1
22612,2
22614,2
22617,1
22639,1
22646,1
22652,3
22659,2
22671,3
22684,2
22689,2
22699,1
22703,2
22704,2
22714,2
22718,2
22770,1
22774,2
22802,1
22806,2
22816,2
22824,3
22828,2
22832,1
22851,3
22854,3
22865,1
22876,2
22892,3
22905,3
22906,3
22908,1
22909,1
22912,3
22943,1
22959,3
22960,3
22968,3
23016,2
23029,1
23042,3
23066,1
23082,1
23084,2
23090,3
23100,2
23106,3
23107,3
23117,1
23124,3
23126,1
23148,2
23153,2
23172,2
23190,1
23231,2
23252,2
23273,2
23282,1
23292,1
23319,2
23339,1
23343,2
23351,1
23356,2
23366,1
23376,3
23387,1
23388,2
23404,3
23418,2
23419,3
23425,2
23436,2
23438,3
23449,1
23464,2
23474,3
23494,2
23520,3
23525,1
23531,2
23538,1
23542,2
23550,3
23562,2
23564,2
23568,1
23569,1
23576,2
23593,1
23613,1
23617,3
23626,1
23684,1
23695,1
23701,2
23711,3
23718,2
23728,2
23745,2
23756,1
23760,2
23761,3
23765,3
23784,1
23785,1
23792,3
23793,2
23798,2
23802,3
23810,3
23814,3
23819,3
23823,3
23824,3
23842,2
23852,1
23861,2
23901,2
23942,1
23972,3
23981,2
23988,2
23990,3
23994,3
24006,1
24019,2
24021,3
24046,2
24059,2
24064,2
24068,1
24077,2
24089,2
24111,1
24122,3
24148,3
24150,1
24164,1
24166,2
24225,3
24236,1
24252,1
24253,2
24254,1
24268,3
24291,3
24300,1
24323,3
24324,3
24342,2
24353,2
24383,3
24398,3
24403,1
24405,3
24410,3
24419,3
24422,1
24424,1
24455,1
24460,1
24461,2
24463,1
24467,1
24484,1
24485,2
24495,1
24502,2
24522,3
24541,3
24546,1
24547,3
24551,1
24561,1
24582,1
24587,2
24595,1
24626,3
24666,1
24678,3
24684,3
24693,1
24701,1
24702,1
24703,2
24706,2
24718,1
24723,3
24741,2
24744,2
24751,1
24752,2
24769,2
24775,1
24777,3
24782,2
24785,3
24795,3
24808,1
24822,3
24855,3
24857,3
24879,1
24880,3
24899,1
24909,1
24911,3
24920,2
24924,2
24969,3
24971,1
25004,1
25016,3
25030,2
25063,1
25084,3
25102,3
25104,3
25114,3
25151,2
25172,3
25186,1
25189,3
25191,2
25192,2
25196,1
25201,2
25204,3
25205,2
25208,3
25213,1
25215,2
25218,2
25221,3
25225,1
25230,3
25247,1
25252,3
25259,3
25260,3
25263,3
25278,3
25284,3
25292,1
25293,3
25299,2
25315,3
25320,1
25335,1
25340,3
25415,3
25451,1
25466,2
25468,1
25488,2
25502,3
25504,3
25521,3
25530,2
25531,3
25533,2
25537,3
25561,3
25582,1
25599,1
25606,1
25634,2
25646,1
25650,3
25669,1
25706,2
25712,1
25717,1
25724,2
25730,2
25737,2
25744,2
25748,3
25753,2
25780,3
25783,3
25789,2
25798,1
25803,1
25814,1
25815,3
25818,3
25824,3
25836,2
25841,2
25844,1
25845,2
25862,3
25888,2
25911,1
25917,1
25921,1
25941,2
25942,1
25949,3
25953,1
25980,3
25981,3
26005,2
26008,3
26012,2
26025,1
26038,3
26039,3
26058,3
26106,2
26110,3
26114,2
26124,1
26150,2
26172,3
26193,1
26197,3
26198,1
26200,2
26202,1
26218,1
26252,1
26273,3
26308,3
26309,1
26311,1
26316,1
26317,2
26319,3
26328,2
26358,1
26366,1
26379,2
26381,1
26386,3
26405,3
26431,3
26444,1
26459,2
26464,1
26469,1
26480,3
26481,3
26493,1
26509,3
26516,3
26524,1
26527,1
26538,1
26549,3
26552,1
26553,3
26578,1
26596,3
26602,1
26617,3
26624,1
26626,1
26628,2
26641,3
26656,1
26690,2
26694,3
26706,2
26708,2
26727,2
26734,2
26749,3
26756,3
26765,2
26767,2
26781,3
26785,2
26796,1
26805,1
26808,2
26810,3
26823,3
26836,2
26858,1
26877,2
26919,1
26926,2
26931,3
26941,2
26957,1
26971,3
26995,3
27002,1
27006,3
27012,3
27034,3
27038,2
27041,2
27042,2
27044,2
27045,3
27056,3
27076,3
27086,2
27109,3
27133,1
27134,1
27137,3
27139,2
27143,1
27144,1
27159,2
27180,1
27197,1
27226,3
27235,3
27250,2
27264,3
27266,2
27275,2
27281,2
27285,1
27302,2
27310,1
27325,1
27333,3
27343,2
27356,2
27369,2
27376,3
27396,3
27408,2
27422,1
27447,2
27452,3
27459,1
27466,1
27469,1
27493,2
27494,2
27499,3
27509,3
27520,1
27524,3
27532,1
27535,1
27539,3
27546,2
27555,3
27564,1
27569,2
27572,3
27578,2
27600,1
27607,1
27612,1
27634,2
27638,1
27641,2
27654,3
27661,3
27667,2
27673,3
27678,1
27702,2
27718,2
27721,1
27725,3
27727,3
27746,2
27760,3
27775,2
27790,3
27798,3
27810,3
27817,2
27827,1
27831,2
27842,3
27846,3
27851,2
27873,1
27904,2
27907,3
27925,3
27945,3
27953,1
27973,1
28014,1
28017,2
28047,1
28061,3
28070,1
28080,2
28091,2
28097,1
28122,3
28123,2
28136,3
28154,1
28161,3
28162,1
28188,1
28191,2
28201,3
28207,3
28208,2
28215,1
28226,2
28235,1
28257,3
28282,3
28283,1
28287,1
28288,1
28292,3
28301,1
28305,1
28309,3
28316,1
28328,1
28329,2
28336,3
28358,3
28360,2
28361,2
28372,1
28373,1
28375,1
28390,2
28391,3
28404,3
28406,3
28411,2
28435,2
28466,3
28471,1
28485,3
28493,1
28501,2
28510,2
28515,1
28517,1
28519,3
28520,3
28523,1
28526,2
28531,1
28533,3
28536,2
28538,1
28562,2
28614,2
28615,1
28623,3
28637,2
28638,3
28639,1
28641,3
28662,1
28668,2
28686,2
28689,2
28694,3
28696,2
28704,2
28705,2
28708,2
28713,3
28719,2
28733,2
28740,1
28749,2
28754,2
28763,3
28774,3
28784,1
28797,1
28803,1
28819,2
28826,1
28836,2
28838,2
28841,2
28845,1
28849,1
28860,3
28875,3
28879,2
28881,3
28909,1
28911,1
28921,2
28941,1
28943,3
28944,1
28948,2
28956,3
28958,1
28969,1
28988,1
28992,3
28995,2
29003,1
29019,3
29020,1
29026,2
29037,1
29043,2
29045,2
29052,1
29055,3
29069,1
29081,3
29084,2
29087,1
29091,1
29092,2
29097,1
29119,1
29134,1
29138,2
29143,2
29152,1
29154,2
29163,2
29164,3
29169,2
29172,2
29173,1
29176,2
29178,2
29179,1
29191,1
29200,1
29216,3
29260,3
29262,1
29265,3
29274,2
29279,3
29294,3
29299,3
29308,3
29316,2
29317,1
29330,3
29337,1
29345,1
29360,1
29373,1
29376,1
29384,2
29388,1
29391,1
29397,3
29408,2
29409,2
29410,2
29416,1
29419,1
29425,1
29426,1
29429,2
29446,3
29471,1
29484,3
29494,3
29505,1
29509,1
29517,1
29524,1
29530,1
29531,2
29544,1
29582,3
29583,2
29589,3
29605,1
29607,3
29620,1
29621,3
29622,2
29644,2
29652,2
29655,3
29657,2
29675,3
29706,1
29713,2
29714,1
29764,1
29788,2
29798,1
29802,3
29804,2
29808,1
29826,2
29838,2
29841,1
29847,1
29871,1
29892,1
29893,3
29901,1
29903,1
29912,2
29913,3
29929,2
29930,3
29931,2
29932,1
29946,3
29948,2
29951,1
29969,2
29974,1
29976,3
29983,1
29991,1
29999,3
30000,2
30022,2
30027,3
30037,1
30040,2
30041,2
30048,3
30052,1
30056,3
30060,3
30064,1
30065,3
30073,1
30077,2
30078,1
30080,1
30082,1
30106,2
30116,2
30132,1
30136,1
30137,2
30138,1
30179,2
30206,1
30210,2
30216,1
30234,3
30248,2
30258,1
30262,1
30264,1
30275,2
30276,3
30278,2
30299,3
30303,2
30306,3
30309,1
30318,3
30324,1
30330,1
30336,1
30339,3
30346,3
30347,2
30350,1
30359,2
30378,2
30387,2
30396,2
30402,1
30409,3
30414,1
30465,1
30468,1
30470,1
30476,1
30506,3
30509,1
30511,3
30521,3
30531,2
30532,3
30537,2
30544,3
30556,3
30566,1
30588,2
30613,2
30627,2
30643,2
30670,3
30679,2
30683,3
30689,1
30691,3
30705,3
30706,3
30720,2
30721,3
30731,1
30753,1
30754,3
30763,3
30774,2
30785,3
30793,1
30803,3
30808,2
30811,2
30834,1
30835,1
30842,2
30844,3
30861,2
30864,1
30867,2
30891,3
30899,3
30913,2
30914,2
30925,2
30931,3
30933,3
30944,1
30965,3
30969,3
30971,1
30978,2
30983,1
30987,1
30995,3
31016,3
31022,1
31026,2
31036,1
31059,2
31073,3
31096,2
31107,3
31133,3
31144,3
31151,3
31169,3
31219,3
31220,2
31222,2
31230,1
31252,1
31270,2
31273,2
31284,3
31288,2
31293,3
31312,1
31316,2
31320,2
31322,2
31345,2
31349,2
31352,3
31365,1
31392,2
31409,3
31415,3
31424,1
31425,3
31454,3
31455,3
31457,2
31458,2
31461,2
31470,2
31496,2
31511,3
31526,3
31532,3
31540,3
31554,2
31558,2
31576,1
31577,2
31584,2
31587,2
31595,1
31598,2
31605,1
31619,2
31631,2
31640,3
31645,2
31651,3
31655,1
31657,2
31672,1
31675,3
31679,2
31686,1
31688,1
31692,2
31696,1
31697,2
31705,1
31712,3
31715,1
31720,1
31735,1
31738,3
31741,3
31744,2
31748,2
31767,3
31781,3
31817,3
31821,2
31826,3
31839,2
31845,2
31847,3
31848,1
31854,1
31865,2
31866,3
31868,3
31874,2
31881,3
31887,2
31892,2
31906,1
31908,1
31909,2
31912,1
31941,3
31950,3
31954,1
31962,2
31966,3
31969,3
31989,2
31994,2
32009,3
32015,3
32049,1
32050,2
32059,1
32062,2
32124,2
32143,2
32160,3
32187,3
32202,1
32203,2
32204,1
32238,1
32241,1
32267,3
32277,2
32302,3
32305,3
32308,2
32314,1
32330,1
32333,3
32342,3
32344,3
32359,3
32370,3
32383,2
32385,2
32399,1
32407,3
32418,2
32419,1
32425,3
32457,1
32465,1
32479,2
32504,2
32515,3
32516,1
32523,2
32533,1
32535,3
32553,3
32554,1
32558,2
32564,2
32586,2
32593,3
32627,1
32628,3
32635,1
32675,2
32679,2
32686,1
32707,3
32718,2
32729,1
32749,1
32766,1
32767,3
32768,3
32796,2
32814,2
32818,1
32823,2
32833,1
32837,1
32853,3
32860,1
32871,1
32884,1
32885,3
32893,1
32901,3
32904,3
32910,2
32919,3
32934,3
32937,2
32942,1
32953,1
32955,2
32968,1
32980,3
32999,3
33000,3
33036,2
33070,1
33080,2
33081,2
33082,1
33085,3
33095,2
33099,1
33114,2
33136,1
33142,3
33161,2
33178,2
33202,1
33222,2
33226,2
33234,3
33250,3
33251,2
33260,1
33265,2
33272,2
33277,1
33294,3
33312,3
33313,1
33325,1
33333,2
33344,3
33358,2
33362,2
33366,2
33377,3
33388,2
33417,2
33418,3
33434,1
33436,2
33472,3
33482,2
33483,1
33488,1
33497,2
33499,1
33511,1
33529,1
33530,3
33537,3
33540,3
33579,2
33591,1
33592,3
33593,1
33599,1
33612,1
33618,1
33640,1
33652,2
33654,2
33663,1
33675,2
33710,2
33725,2
33726,1
33745,2
33754,2
33755,3
33762,3
33767,2
33769,1
33775,3
33776,3
33784,1
33788,2
33794,3
33797,2
33798,2
33805,1
33807,1
33809,1
33832,3
33840,2
33851,3
33862,3
33864,1
33865,2
33883,2
33884,2
33920,2
33930,3
33939,1
33986,1
33991,1
33996,3
34013,2
34027,3
34055,2
34069,2
34075,2
34076,3
34105,2
34112,3
34115,1
34123,1
34137,3
34144,3
34148,1
34152,2
34165,1
34177,1
34192,3
34195,1
34202,3
34207,3
34220,3
34227,2
34264,1
34292,3
34301,2
34330,3
34339,2
34343,1
34345,3
34348,1
34391,2
34400,2
34430,1
34431,3
34434,3
34435,1
34441,1
34446,2
34471,2
34483,3
34489,3
34507,1
34516,1
34527,1
34538,3
34541,3
34562,1
34585,1
34590,3
34591,1
34600,2
34603,3
34610,1
34628,2
34634,3
34640,2
34647,1
34660,3
34675,1
34692,1
34694,1
34706,1
34712,3
34717,2
34736,1
34739,2
34751,2
34756,3
34760,1
34770,3
34781,2
34784,3
34804,3
34811,2
34815,3
34820,1
34828,3
34834,2
34836,2
34838,3
34844,2
34859,2
34872,2
34877,2
34891,3
34909,2
34935,3
34947,2
34958,1
34963,1
34970,1
34971,2
34979,1
34980,1
34982,1
34986,3
34991,1
35015,1
35021,1
35026,2
35072,1
35076,3
35084,1
35086,3
35093,2
35096,3
35098,2
35106,2
35110,2
35111,1
35124,2
35130,2
35156,2
35162,3
35178,1
35186,1
35194,1
35195,3
35201,2
35217,3
35237,3
35239,1
35240,2
35251,3
35255,2
35256,3
35270,3
35276,3
35288,2
35302,2
35321,2
35332,2
35337,2
35348,3
35353,1
35365,3
35366,2
35392,3
35393,3
35419,1
35433,3
35439,1
35443,3
35462,1
35466,1
35470,1
35471,3
35497,1
35499,2
35503,1
35505,2
35517,2
35533,2
35536,2
35553,1
35557,2
35564,1
35585,1
35592,1
35600,3
35614,2
35619,2
35632,1
35664,1
35711,1
35717,1
35720,1
35723,1
35725,3
35729,3
35747,2
35748,2
35766,3
35769,3
35771,1
35796,3
35798,3
35801,3
35811,3
35826,1
35829,3
35849,1
35852,1
35887,2
35890,2
35893,3
35898,2
35911,1
35918,2
35919,2
35926,2
35929,3
35934,2
35940,1
35941,3
35951,2
35956,1
35969,1
35979,3
35988,1
35992,1
35993,1
35999,1
36006,1
36007,2
36015,1
36026,2
36034,1
36037,3
36058,1
36063,3
36067,2
36080,3
36082,2
36091,3
36103,2
36106,2
36111,1
36124,1
36126,1
36130,1
36131,1
36137,2
36159,1
36178,2
36179,1
36186,3
36192,2
36206,2
36217,1
36227,2
36229,3
36239,2
36246,3
36273,2
36293,3
36294,3
36300,3
36301,2
36312,2
36316,3
36320,2
36344,3
36355,3
36362,3
36363,1
36378,3
36383,2
36400,3
36405,2
36406,2
36428,1
36460,2
36471,3
36474,1
36480,1
36482,3
36503,2
36506,1
36522,3
36523,1
36593,2
36604,2
36606,3
36628,2
36631,2
36636,2
36648,2
36659,1
36660,3
36662,1
36700,1
36731,1
36754,3
36757,2
36759,2
36770,1
36771,3
36773,2
36781,1
36799,1
36818,2
36820,3
36823,3
36831,1
36836,2
36838,1
36839,1
36845,3
36862,3
36863,1
36867,1
36869,1
36875,2
36891,3
36893,1
36896,2
36904,1
36924,2
36934,2
36938,2
36940,3
36941,1
36969,2
36970,1
36972,2
36975,1
36994,3
37006,3
37011,3
37015,2
37022,1
37053,1
37082,3
37104,1
37116,1
37124,3
37127,1
37141,2
37153,1
37164,3
37171,1
37173,1
37182,2
37194,3
37200,1
37207,2
37224,1
37225,1
37229,1
37249,1
37257,1
37258,3
37263,1
37264,2
37270,2
37285,2
37288,1
37290,3
37367,3
37375,1
37386,2
37389,2
37437,3
37445,3
37449,1
37450,2
37451,3
37475,1
37479,2
37493,3
37503,3
37507,1
37522,2
37538,2
37541,3
37542,2
37549,3
37554,1
37559,3
37568,2
37571,3
37575,2
37582,1
37587,2
37615,3
37634,3
37647,2
37657,3
37664,1
37669,2
37677,2
37687,2
37689,3
37692,2
37696,2
37726,2
37730,3
37744,3
37758,1
37760,1
37761,2
37762,3
37771,3
37774,1
37782,1
37802,3
37818,2
37821,1
37846,2
37849,3
37861,1
37876,2
37889,2
37897,3
37912,3
37922,1
37924,3
37933,1
37945,1
37969,1
37971,3
37976,1
37978,2
37979,1
37980,2
37983,2
37993,1
37997,1
38002,2
38009,3
38010,2
38013,3
38040,3
38041,1
38049,3
38056,3
38060,3
38072,2
38075,2
38090,3
38098,2
38102,2
38111,2
38119,2
38157,1
38163,2
38170,1
38181,2
38203,2
38204,1
38230,1
38231,1
38241,1
38245,2
38246,3
38254,3
38257,2
38262,3
38265,1
38269,1
38325,3
38327,2
38345,1
38346,2
38348,2
38351,1
38353,2
38360,3
38377,2
38379,3
38391,2
38394,2
38405,1
38407,2
38414,1
38428,3
38430,3
38431,2
38435,1
38438,1
38447,3
38457,1
38465,2
38470,3
38497,2
38498,3
38522,1
38530,1
38535,2
38539,3
38545,1
38557,3
38572,1
38594,1
38619,2
38636,2
38638,3
38645,1
38672,2
38691,3
38711,3
38716,2
38724,2
38727,1
38767,2
38775,1
38779,3
38784,1
38790,2
38796,3
38815,3
38816,2
38818,3
38819,3
38821,3
38824,2
38833,3
38847,3
38856,1
38868,1
38869,3
38892,3
38910,3
38913,2
38918,3
38929,3
38936,1
38946,2
38951,2
38964,2
38970,3
38989,1
39006,2
39011,2
39015,2
39022,1
39066,2
39067,1
39068,2
39081,2
39082,3
39102,3
39107,2
39113,3
39115,3
39128,2
39139,1
39160,3
39163,3
39175,3
39198,2
39200,3
39208,1
39211,3
39227,1
39231,2
39235,1
39238,3
39251,1
39258,2
39266,1
39268,2
39278,2
39284,2
39295,1
39296,1
39299,2
39302,2
39303,3
39312,2
39321,2
39345,3
39352,3
39365,2
39385,3
39386,1
39390,2
39402,1
39418,3
39427,2
39456,1
39457,3
39485,1
39508,2
39514,3
39526,1
39545,3
39553,1
39554,2
39557,3
39568,2
39574,3
39590,1
39591,1
39592,3
39597,1
39606,1
39609,3
39612,3
39620,3
39632,2
39636,3
39644,1
39645,1
39658,1
39677,1
39689,3
39695,1
39698,3
39700,1
39710,2
39718,3
39727,3
39729,1
39730,2
39734,2
39740,1
39760,3
39776,1
39781,1
39794,1
39801,3
39810,1
39833,1
39846,1
39855,1
39859,3
39873,3
39883,3
39886,3
39900,2
39902,3
39907,3
39911,1
39915,2
39926,2
39929,1
39935,3
39943,3
39947,2
39967,3
39974,2
39997,3
40001,2
40003,3
40038,1
40058,2
40059,1
40062,1
40067,1
40070,1
40081,3
40121,1
40122,3
40131,2
40133,3
40168,1
40181,2
40186,3
40187,1
40202,1
40203,1
40207,3
40209,1
40211,2
40228,2
40238,3
40246,1
40261,1
40267,2
40286,3
40297,3
40310,2
40331,3
40335,1
40338,1
40341,2
40346,3
40368,1
40384,3
40386,1
40392,1
40406,1
40411,1
40412,1
40417,3
40439,3
40453,3
40454,2
40460,1
40482,2
40487,3
40498,2
40508,1
40528,2
40531,2
40537,3
40538,1
40549,1
40550,2
40566,2
40575,3
40596,1
40606,3
40613,1
40656,1
40661,2
40681,1
40691,3
40693,2
40696,3
40713,2
40718,3
40725,3
40727,2
40728,3
40731,1
40752,1
40754,2
40757,1
40773,2
40777,3
40783,3
40785,1
40788,1
40836,2
40845,2
40847,2
40853,2
40857,2
40862,2
40866,3
40878,1
40889,3
40890,2
40902,3
40903,2
40906,1
40911,2
40913,2
40914,3
40917,3
40921,1
40924,2
40936,3
40964,3
40990,1
40995,2
40996,2
41018,3
41021,2
41030,1
41041,1
41069,3
41076,2
41079,3
41082,2
41083,1
41105,1
41113,1
41116,3
41138,1
41141,3
41175,2
41177,3
41179,1
41181,3
41191,1
41214,2
41215,2
41243,1
41278,2
41290,1
41295,1
41297,3
41300,3
41302,2
41313,1
41374,3
41379,3
41389,2
41410,2
41415,1
41435,2
41439,1
41441,1
41457,1
41467,2
41507,3
41517,2
41526,1
41534,2
41570,1
41573,3
41578,1
41588,1
41596,3
41599,3
41604,2
41609,1
41611,3
41619,3
41620,3
41624,1
41653,3
41657,2
41665,2
41682,3
41684,1
41687,3
41690,3
41695,2
41703,3
41712,3
41717,1
41725,3
41766,1
41773,3
41781,2
41795,3
41806,2
41816,1
41822,2
41825,1
41837,1
41854,2
41859,1
41860,1
41864,1
41866,1
41867,3
41881,1
41886,2
41903,2
41905,1
41920,2
41923,2
41931,3
41959,2
41972,2
41979,2
41981,2
42001,3
42013,1
42023,2
42034,2
42039,2
42053,1
42077,1
42087,2
42093,2
42113,2
42120,1
42123,3
42138,2
42148,1
42155,2
42156,1
42173,2
42177,2
42210,2
42211,2
42212,2
42229,3
42233,1
42238,3
42243,2
42247,1
42255,2
42265,1
42285,2
42287,1
42333,3
42344,3
42348,1
42354,2
42357,3
42395,2
42412,3
42426,3
42439,3
42444,3
42451,2
42460,3
42470,3
42479,1
42483,3
42493,2
42496,2
42510,2
42523,1
42525,2
42536,3
42538,3
42551,1
42561,2
42565,1
42577,2
42591,3
42615,1
42622,2
42656,2
42659,2
42673,1
42683,2
42712,3
42719,1
42746,3
42755,3
42760,2
42763,3
42767,3
42769,2
42777,2
42781,3
42783,1
42798,1
42820,3
42821,1
42823,3
42826,3
42829,3
42830,2
42859,3
42877,2
42889,2
42918,3
42925,2
42950,2
42955,1
42983,1
42988,1
43005,3
43019,2
43032,2
43057,1
43070,1
43075,3
43084,2
43085,2
43100,2
43107,2
43136,1
43156,2
43164,2
43179,2
43181,2
43188,3
43203,3
43217,1
43218,3
43224,3
43228,1
43233,1
43268,1
43324,1
43333,2
43344,1
43360,3
43373,3
43383,3
43386,1
43387,2
43390,3
43397,1
43404,3
43414,3
43418,2
43429,3
43451,1
43457,2
43485,3
43512,3
43518,3
43519,2
43526,3
43530,2
43539,1
43548,2
43555,3
43560,2
43572,2
43578,3
43582,1
43592,3
43599,3
43601,3
43622,2
43625,1
43632,1
43634,1
43638,3
43647,1
43655,2
43656,3
43660,1
43662,1
43705,1
43731,2
43742,1
43746,3
43751,2
43758,1
43776,3
43792,2
43796,3
43804,3
43826,2
43835,3
43842,2
43843,3
43853,1
43876,2
43888,1
43895,2
43903,3
43916,3
43918,3
43925,3
43926,1
43931,1
43978,3
43986,3
43998,1
44021,1
44037,2
44045,1
44048,1
44052,2
44054,3
44056,3
44062,3
44066,3
44068,2
44071,2
44084,2
44085,1
44092,1
44106,1
44109,2
44125,2
44149,1
44164,1
44178,3
44186,2
44188,2
44226,3
44245,3
44252,3
44290,1
44292,2
44308,1
44317,1
44330,2
44345,1
44386,1
44427,1
44443,3
44461,3
44474,3
44490,3
44492,1
44499,1
44524,3
44533,2
44538,1
44548,1
44568,1
44584,1
44593,2
44615,1
44621,3
44623,3
44629,2
44630,3
44631,2
44637,3
44659,3
44660,2
44663,1
44679,2
44701,1
44712,3
44714,1
44720,1
44733,3
44779,3
44788,3
44814,1
44819,2
44848,3
44855,2
44862,1
44874,1
44875,3
44889,2
44892,3
44911,2
44918,1
44920,3
44936,3
44937,1
44942,1
44945,2
44952,3
44955,2
44970,3
44973,2
45001,1
45011,1
45021,2
45024,2
45030,3
45081,3
45088,2
45092,1
45103,1
45128,1
45144,1
45145,2
45149,3
45158,3
45196,3
45207,2
45213,3
45237,3
45258,1
45265,3
45303,3
45305,2
45312,2
45325,2
45349,2
45350,1
45353,1
45373,3
45379,3
45391,2
45392,2
45405,2
45407,1
45417,3
45421,3
45429,1
45432,1
45434,3
45447,2
45453,1
45461,1
45462,1
45467,3
45487,1
45496,3
45499,1
45503,2
45526,2
45536,3
45547,1
45563,1
45598,2
45615,3
45618,1
45645,2
45653,2
45667,2
45674,3
45675,1
45696,1
45726,2
45728,3
45735,1
45751,2
45762,1
45783,2
45785,1
45795,2
45799,1
45812,1
45816,3
45819,1
45822,3
45829,1
45831,2
45839,2
45852,3
45866,3
45867,3
45876,2
45880,3
45885,2
45889,2
45913,1
45924,3
45926,1
45931,2
45934,3
45941,2
45950,3
45961,1
45965,2
45967,2
45980,1
45983,3
45987,3
45988,3
46024,1
46031,3
46077,3
46098,2
46132,3
46135,3
46136,3
46146,3
46161,2
46166,2
46171,3
46178,1
46183,3
46185,2
46202,3
46219,2
46274,2
46279,3
46293,1
46309,1
46325,3
46331,2
46334,2
46336,2
46340,3
46367,2
46369,1
46372,1
46373,2
46380,2
46388,1
46390,2
46407,1
46418,3
46427,2
46430,3
46439,3
46441,1
46448,1
46449,1
46459,3
46461,2
46476,2
46510,3
46559,1
46564,1
46577,3
46578,1
46580,2
46597,3
46600,1
46625,3
46626,3
46639,3
46647,2
46661,3
46664,2
46676,1
46694,1
46719,1
46721,1
46727,1
46733,2
46744,1
46757,2
46758,2
46759,3
46767,2
46775,3
46776,2
46788,2
46793,3
46794,2
46832,1
46835,1
46838,3
46852,3
46855,3
46857,2
46863,2
46877,1
46882,1
46886,3
46890,2
46891,2
46902,2
46913,2
46914,1
46928,2
46933,2
46948,3
46962,1
46969,2
46976,2
46984,3
46996,3
47001,2
47002,2
47005,1
47044,1
47064,1
47077,2
47122,1
47143,3
47144,2
47163,2
47164,3
47169,1
47172,1
47180,2
47182,1
47185,1
47188,1
47193,1
47194,1
47215,3
47241,2
47242,1
47257,1
47258,3
47265,1
47268,3
47283,2
47291,1
47341,1
47347,2
47349,3
47351,1
47360,2
47361,2
47379,2
47381,3
47400,3
47405,1
47420,1
47424,3
47434,2
47443,2
47446,3
47449,1
47464,1
47466,2
47472,1
47477,1
47481,3
47493,2
47499,1
47501,1
47505,1
47520,2
47526,3
47529,1
47575,1
47584,1
47588,2
47597,2
47614,2
47618,3
47620,2
47643,2
47651,3
47663,3
47671,1
47672,1
47676,2
47691,2
47692,1
47704,3
47706,1
47711,2
47713,2
47716,2
47727,3
47735,2
47752,3
47788,3
47798,2
47799,1
47803,3
47807,1
47815,2
47817,1
47824,2
47832,3
47852,1
47857,2
47869,1
47882,2
47884,3
47892,2
47897,3
47898,1
47901,2
47905,1
47916,2
47930,3
47957,2
47968,2
47977,2
48002,1
48012,2
48021,3
48038,3
48042,3
48063,2
48072,1
48077,3
48087,2
48090,1
48091,2
48092,2
48108,2
48109,2
48117,3
48144,2
48161,1
48162,1
48184,1
48206,1
48232,1
48241,1
48243,1
48246,1
48253,3
48259,1
48266,1
48296,2
48298,1
48299,1
48315,3
48317,2
48318,2
48337,2
48350,3
48383,2
48387,1
48417,1
48442,1
48446,2
48459,3
48461,1
48468,2
48474,1
48478,3
48493,2
48527,2
48541,3
48542,2
48558,1
48568,1
48587,2
48588,2
48600,1
48633,1
48636,3
48639,3
48643,2
48645,3
48646,1
48650,3
48651,1
48659,3
48661,1
48670,1
48673,1
48687,2
48694,1
48710,1
48725,2
48727,3
48728,3
48755,3
48772,2
48792,1
48793,3
48816,1
48824,1
48828,3
48829,3
48839,2
48852,3
48858,1
48866,3
48871,3
48873,1
48889,3
48890,1
48899,3
48901,2
48909,1
48913,3
48919,2
48925,1
48929,2
48940,2
48951,2
48957,3
48965,2
48966,2
48992,3
48996,2
49000,2
49009,1
49010,3
49018,1
49035,3
49047,2
49068,2
49076,3
49080,2
49087,3
49088,1
49091,3
49097,2
49105,2
49155,3
49166,3
49172,3
49197,2
49206,1
49236,2
49259,2
49262,2
49266,1
49269,3
49275,2
49280,1
49317,3
49321,2
49322,3
49324,3
49339,1
49352,1
49355,1
49356,2
49358,1
49389,2
49404,3
49432,1
49434,1
49442,3
49447,2
49456,1
49469,2
49474,3
49488,3
49494,2
49519,2
49521,1
49530,1
49534,1
49537,2
49542,3
49545,1
49562,1
49563,1
49575,3
49593,2
49597,2
49599,2
49609,2
49622,3
49632,1
49653,2
49657,1
49660,3
49666,1
49673,2
49682,2
49694,1
49699,2
49701,1
49710,2
49712,1
49721,3
49743,2
49750,2
49755,1
49770,3
49772,2
49777,3
49791,1
49794,1
49797,2
49810,1
49837,2
49848,3
49854,1
49856,3
49862,3
49865,3
49908,1
49909,2
49931,2
49960,1
49962,1
49963,1
49969,3
49983,1
49988,3
49997,1
49999,3
50007,2
50015,2
50028,2
50035,3
50040,1
50044,1
50045,1
50046,1
50050,2
50078,1
50086,3
50091,2
50108,3
50140,2
50143,2
50145,2
50150,2
50159,2
50162,3
50172,2
50179,1
50212,3
50222,3
50233,2
50236,3
50241,1
50254,2
50291,2
50307,1
50308,1
50312,2
50315,1
50348,1
50354,1
50364,3
50369,3
50374,3
50415,2
50436,2
50437,3
50441,2
50444,1
50452,3
50460,1
50493,1
50500,1
50506,3
50521,3
50524,1
50527,3
50534,2
50557,2
50574,2
50578,1
50579,1
50581,3
50587,1
50588,1
50595,3
50613,3
50622,2
50638,1
50645,1
50661,1
50683,1
50696,1
50707,3
50727,3
50732,1
50734,2
50736,3
50737,1
50773,3
50784,3
50786,1
50788,3
50789,2
50796,2
50806,1
50809,3
50810,1
50816,2
50824,2
50827,1
50835,3
50842,3
50846,3
50854,2
50855,2
50859,2
50879,1
50880,1
50881,3
50897,1
50898,1
50907,1
50908,3
50917,3
50933,2
50934,1
50935,2
50942,2
50959,1
50961,3
50974,3
50989,2
50991,2
50996,3
50997,2
50998,3
51016,1
51026,3
51042,2
51044,1
51047,3
51059,1
51064,2
51068,1
51070,2
51082,2
51087,2
51106,2
51117,1
51122,2
51140,1
51143,1
51157,1
51168,3
51176,3
51180,3
51181,1
51191,1
51210,1
51214,1
51225,1
51233,2
51238,3
51242,1
51262,3
51268,3
51294,3
51308,1
51326,1
51334,1
51339,1
51342,3
51384,1
51387,1
51393,3
51398,3
51407,3
51418,1
51419,3
51454,3
51463,1
51465,1
51473,2
51477,1
51481,3
51494,2
51504,2
51508,2
51525,3
51532,1
51535,3
51540,3
51542,1
51545,2
51546,3
51553,1
51562,2
51570,3
51573,2
51579,1
51583,2
51586,1
51591,1
51605,3
51614,1
51616,3
51626,1
51639,1
51642,2
51645,1
51651,1
51654,2
51679,2
51698,2
51699,2
51704,3
51707,3
51710,1
51723,3
51727,1
51737,2
51754,3
51758,1
51773,1
51778,3
51782,3
51799,3
51802,1
51845,2
51864,1
51873,3
51878,1
51885,3
51897,3
51909,1
51919,1
51930,2
51951,1
51952,1
51981,1
52002,1
52003,1
52006,2
52008,3
52010,3
52028,3
52045,2
52047,1
52048,2
52053,1
52055,3
52095,2
52100,1
52128,1
52131,3
52142,2
52154,1
52162,1
52164,3
52171,3
52176,2
52184,2
52190,1
52193,3
52217,1
52230,1
52247,2
52258,3
52281,3
52284,2
52291,3
52303,3
52312,2
52314,1
52316,3
52330,1
52340,1
52362,3
52367,1
52370,2
52374,1
52380,2
52388,2
52390,2
52401,1
52405,1
52430,3
52438,2
52454,2
52467,1
52475,3
52485,1
52492,2
52506,1
52517,1
52553,3
52562,1
52565,2
52566,1
52567,1
52573,3
52583,1
52584,2
52595,2
52612,2
52619,2
52622,3
52626,3
52658,2
52687,3
52699,2
52700,1
52704,1
52713,1
52736,3
52745,2
52771,3
52800,3
52805,3
52829,2
52835,2
52836,2
52853,1
52905,3
52950,2
52952,2
52956,1
52958,2
52971,3
52972,1
52979,2
52981,3
52999,1
53002,3
53025,2
53030,3
53036,3
53044,1
53048,2
53050,2
53067,3
53082,1
53099,1
53102,3
53108,2
53119,3
53125,1
53126,3
53140,1
53168,1
53186,2
53188,3
53215,3
53219,1
53221,3
53232,2
53234,2
53240,3
53248,1
53273,1
53278,1
53290,2
53292,1
53299,2
53321,3
53325,2
53340,3
53352,1
53392,1
53404,2
53408,2
53427,2
53439,1
53458,2
53459,3
53469,2
53514,2
53528,1
53542,2
53548,3
53553,1
53554,2
53569,2
53574,3
53576,2
53585,2
53614,2
53666,2
53676,1
53703,1
53725,3
53744,1
53752,3
53775,1
53800,1
53801,1
53833,1
53835,1
53851,3
53875,3
53880,2
53892,1
53898,2
53918,2
53932,3
53934,3
53947,3
53955,3
53957,3
53961,2
53983,1
54013,1
54014,3
54045,2
54052,1
54054,3
54061,2
54067,3
54092,2
54095,1
54096,1
54107,3
54110,3
54113,1
54118,2
54119,3
54126,2
54135,2
54150,1
54152,1
54157,3
54180,3
54183,3
54185,3
54204,2
54214,1
54223,3
54226,1
54231,3
54236,1
54243,1
54252,2
54266,3
54268,1
54281,3
54282,1
54293,2
54298,3
54302,3
54311,3
54314,2
54317,2
54332,2
54336,2
54338,2
54348,2
54352,3
54371,2
54377,2
54390,3
54399,1
54406,1
54426,3
54450,1
54466,3
54471,3
54494,1
54512,1
54513,2
54514,1
54531,1
54536,2
54542,2
54544,2
54553,1
54573,3
54575,3
54576,3
54592,3
54613,3
54631,1
54638,2
54644,2
54645,2
54646,1
54661,1
54673,1
54674,2
54676,2
54683,2
54695,1
54696,2
54708,2
54720,2
54721,1
54722,1
54741,2
54754,3
54765,1
54767,3
54768,3
54769,2
54774,2
54786,3
54788,1
54801,3
54802,1
54804,3
54818,1
54819,1
54823,1
54844,1
54845,2
54864,3
54867,1
54873,2
54877,2
54892,2
54904,1
54920,3
54927,3
54933,1
54943,3
54944,3
54949,2
54958,2
54970,3
54978,1
54979,1
54985,2
54995,1
55002,1
55011,2
55012,1
55039,1
55042,3
55051,3
55070,3
55073,3
55076,3
55093,1
55102,3
55111,3
55117,2
55148,3
55168,2
55170,3
55200,1
55228,2
55231,3
55232,3
55266,2
55278,1
55280,3
55281,3
55289,3
55292,2
55299,1
55302,1
55310,1
55336,3
55349,3
55351,1
55352,3
55358,2
55362,2
55375,2
55403,1
55410,2
55415,3
55421,2
55429,1
55430,2
55437,1
55438,1
55465,3
55469,1
55471,3
55475,3
55484,2
55535,1
55550,2
55551,3
55569,3
55570,3
55579,3
55583,2
55586,3
55593,3
55600,2
55623,2
55626,2
55657,3
55660,3
55672,2
55680,2
55699,1
55728,3
55731,3
55741,1
55759,3
55805,2
55808,3
55809,3
55817,1
55824,3
55839,3
55847,3
55849,2
55853,2
55856,2
55860,1
55863,2
55867,1
55875,2
55898,2
55911,2
55921,2
55960,2
55966,2
55968,2
55983,1
55984,3
56009,3
56034,2
56048,1
56059,2
56063,3
56070,2
56082,2
56092,1
56100,3
56133,2
56138,1
56141,3
56148,3
56150,1
56164,2
56166,1
56173,3
56174,3
56178,3
56182,2
56195,1
56201,1
56203,3
56216,1
56230,2
56231,1
56239,3
56268,3
56298,2
56324,2
56357,2
56358,2
56401,2
56403,3
56412,1
56450,2
56463,2
56482,2
56484,3
56490,1
56501,3
56515,3
56530,2
56533,3
56548,2
56551,3
56553,2
56555,2
56562,3
56565,1
56566,3
56591,2
56600,2
56611,1
56638,1
56657,2
56675,2
56700,1
56707,1
56710,3
56726,2
56735,1
56755,2
56762,3
56763,2
56773,1
56775,1
56790,2
56798,1
56802,3
56805,2
56808,1
56819,2
56831,1
56835,3
56837,1
56838,1
56848,2
56855,2
56859,2
56864,1
56867,2
56876,1
56883,1
56893,2
56897,1
56900,2
56913,3
56922,1
56930,1
56970,3
56987,2
56992,2
56999,2
57023,3
57031,1
57052,2
57056,2
57061,3
57072,3
57082,2
57084,1
57092,2
57099,2
57102,3
57116,2
57147,2
57152,3
57167,1
57176,1
57188,2
57197,2
57198,1
57221,2
57225,3
57231,1
57237,2
57263,3
57267,3
57269,2
57289,2
57295,3
57297,2
57323,2
57326,3
57328,2
57339,2
57374,2
57381,2
57384,1
57399,2
57416,2
57433,3
57447,3
57454,3
57464,3
57475,2
57479,1
57487,1
57488,3
57489,1
57503,3
57520,3
57522,3
57526,2
57530,2
57537,1
57540,1
57563,3
57564,3
57568,3
57578,3
57587,1
57617,2
57626,2
57627,2
57629,2
57643,3
57662,1
57664,3
57669,3
57690,1
57698,1
57712,1
57724,2
57732,1
57763,1
57771,1
57777,3
57798,2
57803,1
57810,1
57815,3
57816,2
57817,2
57826,1
57840,1
57844,2
57847,1
57850,3
57859,2
57866,3
57872,3
57892,2
57912,1
57920,3
57943,3
57962,3
57963,1
57969,1
57996,1
58008,3
58016,2
58019,1
58038,1
58044,1
58047,1
58055,1
58079,1
58081,3
58082,1
58085,3
58088,3
58105,2
58106,2
58119,3
58123,2
58125,2
58126,2
58134,2
58135,2
58139,1
58144,3
58145,2
58170,3
58174,1
58185,2
58192,3
58201,1
58202,2
58230,1
58255,3
58284,1
58295,2
58297,1
58302,2
58317,2
58324,2
58346,2
58347,3
58362,1
58364,1
58365,2
58368,2
58372,1
58391,3
58403,3
58410,1
58412,3
58421,3
58435,3
58454,3
58455,1
58539,3
58547,3
58557,2
58563,2
58567,2
58577,3
58584,3
58595,3
58602,3
58609,1
58612,1
58616,2
58618,2
58627,3
58628,2
58648,1
58653,2
58661,1
58665,1
58666,1
58671,2
58680,3
58688,2
58694,3
58705,2
58707,3
58710,1
58718,1
58719,1
58736,2
58767,2
58774,1
58779,3
58781,3
58789,2
58794,1
58797,2
58799,1
58806,3
58811,2
58829,1
58831,1
58851,2
58858,2
58864,3
58878,3
58897,2
58907,1
58909,2
58918,2
58921,1
58924,1
58925,1
58930,2
58945,2
58948,1
58952,1
58953,3
58960,2
58963,3
58965,2
58981,2
59007,1
59011,3
59033,2
59034,1
59043,2
59065,3
59068,3
59074,2
59080,2
59092,1
59093,2
59100,1
59110,2
59114,1
59122,2
59132,1
59175,1
59180,1
59198,2
59199,1
59202,2
59212,2
59214,1
59216,3
59217,1
59218,2
59219,1
59220,3
59223,2
59233,2
59278,3
59301,1
59307,3
59308,1
59310,3
59335,1
59345,1
59352,1
59362,2
59368,2
59369,2
59381,3
59392,2
59402,1
59403,2
59404,2
59414,2
59432,1
59434,1
59440,3
59441,3
59455,2
59462,1
59468,3
59479,2
59483,3
59486,1
59522,3
59538,2
59559,1
59560,3
59561,1
59562,3
59569,3
59570,1
59573,3
59574,2
59575,3
59598,1
59618,3
59625,2
59628,2
59635,3
59637,1
59643,2
59667,2
59670,3
59683,2
59689,3
59697,1
59704,1
59712,2
59733,2
59736,2
59748,3
59749,3
59752,3
59757,2
59762,3
59763,1
59766,1
59772,3
59773,2
59774,2
59780,2
59784,2
59805,1
59807,3
59812,1
59817,1
59818,1
59831,2
59840,2
59851,1
59858,3
59899,1
59902,1
59903,1
59908,2
59909,1
59914,1
59921,3
59958,1
59959,1
59967,3
59975,3
59988,2
59998,2
59999,3
60002,2
60061,3
60063,2
60069,1
60071,2
60076,1
60078,3
60091,1
60094,1
60103,1
60135,3
60145,3
60157,2
60174,3
60182,2
60185,3
60188,1
60226,2
60227,2
60237,1
60252,3
60266,1
60268,1
60274,3
60287,3
60290,1
60292,2
60299,1
60306,2
60308,1
60315,3
60336,1
60344,3
60348,3
60352,2
60359,2
60371,1
60379,2
60395,3
60410,2
60424,1
60442,1
60447,3
60450,1
60462,1
60490,1
60511,2
60545,1
60547,2
60569,1
60586,3
60591,1
60602,3
60605,2
60622,1
60643,2
60647,2
60660,2
60665,2
60666,1
60667,3
60681,1
60710,2
60716,3
60718,1
60719,1
60768,3
60773,1
60790,1
60800,1
60801,1
60808,1
60810,1
60811,2
60815,3
60816,2
60827,3
60830,1
60833,3
60835,2
60846,1
60849,2
60854,3
60866,2
60868,3
60881,3
60906,1
60919,3
60920,2
60940,2
60945,1
60946,1
60949,3
60961,1
60987,2
60989,1
60991,1
61002,2
61005,1
61036,2
61038,2
61040,2
61044,2
61049,2
61057,1
61067,3
61081,3
61097,2
61107,3
61116,1
61119,3
61130,2
61158,2
61175,3
61181,1
61190,3
61195,1
61202,1
61206,1
61208,2
61210,3
61215,2
61223,1
61239,2
61242,3
61255,2
61256,2
61265,3
61266,1
61274,2
61331,3
61333,2
61335,1
61346,2
61348,2
61351,2
61357,3
61359,1
61361,2
61378,3
61400,2
61401,2
61408,3
61425,1
61428,3
61445,3
61455,3
61498,3
61516,1
61532,1
61537,3
61557,3
61558,3
61565,3
61569,1
61589,3
61591,2
61624,1
61629,2
61630,2
61635,3
61643,1
61649,1
61651,2
61658,1
61659,2
61665,2
61670,3
61679,2
61693,2
61703,1
61713,1
61727,1
61729,2
61738,2
61745,1
61747,3
61756,3
61757,2
61762,2
61766,1
61783,3
61793,2
61794,2
61798,2
61808,1
61809,1
61811,3
61822,1
61824,2
61843,2
61852,1
61879,1
61883,1
61884,3
61893,1
61900,2
61919,3
61923,2
61924,3
61952,1
61963,3
61964,2
61977,2
61987,2
61997,1
61998,3
62002,1
62006,1
62013,3
62019,3
62020,2
62023,2
62033,2
62069,1
62079,1
62082,2
62083,3
62085,2
62102,1
62109,3
62110,3
62114,1
62125,2
62130,1
62152,1
62160,2
62161,1
62162,3
62186,2
62200,3
62204,1
62205,3
62207,3
62210,1
62213,2
62221,1
62222,1
62225,2
62231,1
62240,2
62243,3
62253,1
62272,3
62274,1
62301,2
62362,3
62363,1
62371,2
62376,2
62379,2
62393,2
62396,1
62399,2
62415,2
62424,3
62434,1
62443,2
62452,3
62480,1
62512,2
62534,1
62546,3
62550,1
62552,1
62562,2
62589,3
62603,1
62610,2
62612,1
62618,1
62625,3
62631,3
62658,1
62667,3
62677,1
62678,2
62692,1
62696,3
62717,3
62721,3
62729,3
62745,3
62752,1
62758,2
62768,3
62778,3
62790,3
62795,1
62798,1
62801,1
62802,1
62806,1
62820,1
62833,1
62845,1
62853,2
62861,2
62862,1
62863,3
62865,3
62880,3
62884,1
62915,1
62946,2
62948,3
62963,3
62969,3
62970,3
62973,3
62979,3
62983,1
62991,3
63006,3
63011,2
63012,3
63014,1
63018,1
63025,3
63029,3
63030,1
63033,2
63035,2
63039,3
63054,1
63057,3
63061,2
63070,3
63078,2
63114,2
63118,1
63129,1
63131,1
63139,1
63141,2
63145,2
63146,1
63151,2
63214,1
63222,3
63233,1
63243,3
63246,2
63248,2
63259,1
63264,2
63267,3
63271,3
63272,1
63276,3
63283,1
63295,1
63306,1
63308,3
63335,3
63344,2
63350,1
63364,1
63367,3
63377,2
63385,1
63391,3
63435,2
63452,1
63461,3
63471,2
63506,2
63508,3
63528,1
63553,2
63556,1
63560,3
63566,3
63579,1
63592,3
63593,1
63608,1
63650,3
63656,3
63659,1
63685,2
63704,1
63713,1
63718,1
63723,2
63728,3
63745,3
63780,3
63783,2
63810,2
63865,2
63874,2
63876,2
63892,3
63899,2
63901,1
63911,2
63918,3
63926,3
63940,3
63943,3
63950,2
63955,3
63956,1
63966,3
63972,2
63998,2
64012,3
64015,1
64016,1
64029,2
64040,2
64043,3
64068,2
64071,1
64077,3
64109,1
64111,1
64136,2
64144,1
64156,2
64161,1
64172,3
64192,3
64202,2
64216,1
64218,2
64220,1
64243,1
64245,1
64258,2
64259,3
64267,3
64272,1
64274,1
64282,1
64310,3
64322,2
64333,2
64338,3
64340,2
64341,3
64342,3
64351,1
64369,3
64377,3
64380,3
64401,3
64413,1
64414,1
64415,2
64416,1
64436,1
64439,3
64441,3
64442,3
64453,1
64455,2
64460,2
64475,1
64484,2
64487,1
64490,1
64500,1
64516,2
64520,3
64523,2
64533,3
64540,3
64551,3
64555,1
64559,3
64562,2
64565,3
64566,1
64604,3
64608,3
64609,1
64611,3
64615,2
64616,1
64619,1
64631,1
64632,1
64645,1
64675,1
64676,3
64679,2
64680,2
64699,2
64705,1
64727,1
64741,2
64748,3
64754,2
64756,3
64796,3
64799,2
64803,3
64812,1
64816,3
64838,2
64852,2
64853,3
64863,1
64869,1
64873,2
64876,3
64878,2
64912,3
64923,2
64937,1
64941,1
64948,3
64975,1
64979,1
64981,1
64993,2
65009,2
65016,2
65029,1
65031,2
65033,3
65037,3
65048,3
65077,1
65086,3
65088,1
65099,1
65104,3
65109,2
65119,2
65122,3
65134,3
65139,1
65147,1
65153,2
65175,3
65180,3
65201,1
65211,3
65215,1
65238,2
65256,2
65260,3
65268,1
65281,1
65290,2
65295,1
65301,2
65302,1
65304,2
65309,2
65311,3
65319,1
65326,1
65344,3
65358,3
65369,1
65467,1
65487,3
65523,1
65529,1
65542,2
65545,2
65549,2
65554,3
65613,2
65639,3
65642,2
65652,1
65658,3
65660,3
65679,2
65684,2
65692,1
65710,3
65717,2
65727,1
65732,3
65737,3
65740,3
65741,1
65756,3
65766,2
65769,1
65771,3
65772,3
65776,3
65781,2
65809,1
65815,3
65817,3
65825,3
65852,3
65856,2
65861,1
65869,2
65885,3
65890,3
65891,3
65897,3
65898,1
65901,3
65946,3
65954,3
65955,2
65957,1
65958,2
65966,2
65968,2
65980,3
65981,3
65993,1
65994,3
65998,1
66012,3
66033,3
66043,3
66054,2
66070,2
66089,2
66104,1
66106,3
66124,2
66137,3
66143,3
66146,3
66161,2
66168,2
66179,2
66190,1
66194,1
66200,2
66208,3
66226,1
66239,2
66245,3
66249,1
66251,1
66276,2
66285,3
66288,1
66289,2
66293,3
66294,2
66325,2
66341,1
66362,3
66365,1
66387,1
66394,1
66407,1
66413,2
66417,2
66420,1
66434,2
66443,3
66445,1
66451,2
66458,2
66478,1
66488,2
66507,2
66527,1
66528,3
66531,1
66547,3
66560,1
66567,2
66577,3
66583,3
66589,3
66606,1
66623,3
66646,2
66659,3
66660,3
66665,1
66671,2
66672,3
66674,1
66675,3
66683,1
66691,3
66692,2
66701,1
66706,1
66707,1
66709,2
66710,3
66723,1
66724,2
66729,2
66730,3
66732,2
66742,3
66759,2
66764,3
66779,2
66792,3
66805,2
66807,3
66812,2
66824,2
66838,2
66847,1
66859,3
66865,1
66888,2
66889,1
66903,2
66914,2
66932,1
66938,1
66939,3
66944,2
66948,2
66954,3
66963,3
66982,3
66984,2
66992,3
66993,3
66996,2
67005,1
67008,3
67038,1
67055,1
67084,1
67115,3
67121,1
67124,1
67128,3
67136,3
67142,3
67168,2
67176,2
67180,1
67183,1
67185,3
67196,1
67201,3
67225,2
67229,2
67277,1
67280,3
67283,3
67286,1
67312,3
67318,3
67331,1
67370,2
67372,2
67373,2
67378,1
67379,2
67395,2
67406,2
67409,1
67421,1
67439,1
67459,1
67466,3
67479,3
67502,2
67503,1
67531,3
67539,2
67545,3
67553,2
67557,3
67573,3
67575,2
67576,2
67586,3
67600,2
67606,2
67614,1
67624,2
67662,2
67673,1
67680,2
67713,2
67730,3
67731,2
67749,1
67760,3
67792,1
67793,1
67803,3
67806,3
67826,1
67834,3
67847,3
67862,3
67871,1
67873,2
67889,3
67922,2
67929,2
67952,1
67959,3
67988,2
67998,2
68022,3
68027,2
68031,2
68035,1
68041,2
68042,3
68059,3
68074,3
68078,2
68097,3
68099,2
68117,1
68125,1
68143,1
68149,2
68164,2
68166,3
68178,3
68183,1
68197,1
68198,2
68214,3
68229,2
68236,2
68246,3
68250,1
68251,3
68252,2
68254,3
68265,2
68282,1
68287,2
68288,1
68298,1
68307,3
68331,3
68333,1
68336,3
68341,3
68348,1
68353,1
68358,2
68363,3
68364,3
68370,1
68373,1
68375,3
68382,3
68391,2
68396,2
68402,2
68407,2
68415,3
68416,3
68421,3
68425,3
68429,3
68432,3
68454,2
68492,3
68494,1
68499,3
68505,3
68509,2
68514,3
68524,2
68525,1
68530,1
68537,1
68538,3
68555,3
68561,1
68577,2
68612,2
68635,1
68642,1
68643,3
68654,3
68660,3
68662,2
68668,3
68681,2
68682,3
68693,3
68708,1
68711,2
68720,2
68725,1
68728,2
68731,2
68732,3
68756,2
68768,2
68772,3
68782,1
68788,3
68798,3
68802,1
68821,1
68851,2
68856,1
68859,2
68873,2
68876,3
68877,3
68879,3
68882,3
68885,3
68890,1
68893,2
68894,1
68895,1
68896,1
68897,2
68907,2
68919,3
68926,3
68934,3
68937,2
68945,2
68956,1
68962,2
68970,3
68976,2
68977,3
68982,1
68986,2
68993,1
68996,3
69000,3
69003,3
69004,3
69019,2
69021,3
69022,2
69042,1
69051,2
69070,3
69072,2
69084,3
69102,2
69114,1
69121,1
69128,2
69142,2
69147,1
69155,1
69161,2
69171,2
69177,1
69182,3
69192,3
69202,1
69205,1
69235,2
69252,1
69259,2
69279,1
69287,2
69292,2
69294,2
69298,2
69303,2
69308,3
69313,3
69328,3
69332,3
69334,3
69335,2
69338,2
69357,2
69367,2
69395,1
69402,3
69407,1
69414,3
69436,3
69442,1
69479,1
69485,1
69489,3
69493,2
69494,3
69502,2
69515,3
69524,2
69528,1
69541,3
69542,1
69547,2
69548,3
69563,1
69599,3
69636,3
69637,3
69651,3
69666,1
69695,2
69704,1
69718,3
69730,3
69734,3
69760,3
69762,1
69767,3
69768,3
69779,3
69783,1
69817,1
69820,3
69827,3
69854,1
69860,3
69884,3
69889,3
69896,1
69897,3
69909,3
69925,3
69940,2
69949,1
69962,3
69963,1
69974,2
69975,1
69994,3
69998,1
70010,1
70013,3
70016,3
70020,3
70025,2
70034,2
70035,1
70047,2
70056,3
70057,2
70084,2
70117,3
70119,1
70124,3
70137,3
70139,2
70148,2
70167,1
70186,3
70192,1
70198,1
70218,3
70219,1
70220,2
70222,2
70225,1
70226,3
70236,2
70241,3
70251,1
70252,1
70260,3
70271,3
70291,2
70294,1
70301,2
70339,1
70348,1
70360,2
70364,1
70366,3
70368,2
70376,1
70401,1
70417,1
70419,2
70425,2
70428,1
70432,3
70435,2
70444,2
70452,1
70455,2
70462,3
70467,2
70469,3
70470,2
70476,1
70477,3
70484,2
70497,1
70499,2
70502,2
70503,3
70507,3
70531,2
70532,1
70563,2
70577,1
70592,3
70597,3
70599,1
70601,2
70602,3
70608,3
70625,3
70630,2
70643,3
70665,1
70683,2
70710,1
70719,1
70733,2
70741,2
70749,1
70756,3
70792,1
70802,1
70806,2
70811,2
70821,3
70832,2
70834,2
70836,2
70841,3
70844,2
70850,2
70864,2
70869,3
70881,2
70892,2
70903,1
70904,3
70979,1
70987,1
70995,1
70996,2
71034,3
71051,1
71071,2
71100,2
71121,3
71123,2
71157,2
71164,1
71191,2
71199,3
71201,3
71202,1
71203,3
71221,1
71249,3
71258,1
71264,1
71268,2
71281,2
71327,3
71332,2
71352,1
71374,2
71381,1
71389,2
71390,2
71422,3
71423,1
71436,1
71437,3
71453,3
71454,1
71455,1
71459,2
71463,1
71494,1
71517,3
71551,1
71564,3
71605,1
71608,2
71617,3
71642,2
71648,2
71673,2
71679,2
71713,1
71715,1
71728,1
71732,1
71786,2
71794,2
71795,3
71798,2
71803,1
71804,3
71829,3
71831,3
71836,2
71851,1
71859,3
71862,3
71867,3
71873,3
71876,2
71879,3
71900,1
71903,3
71912,3
71939,1
71947,2
71955,1
71962,2
71966,1
71973,1
71984,1
72015,1
72024,3
72026,1
72028,2
72033,3
72036,3
72072,2
72082,3
72090,1
72099,3
72114,2
72122,3
72123,1
72145,2
72153,1
72180,2
72199,3
72203,2
72204,1
72207,2
72219,3
72220,2
72225,3
72278,1
72297,1
72299,3
72301,2
72304,2
72318,2
72325,2
72341,2
72345,2
72354,3
72389,3
72392,3
72400,1
72403,1
72409,3
72413,1
72433,2
72446,2
72448,1
72451,1
72456,3
72457,3
72458,2
72502,1
72509,1
72514,1
72519,3
72526,2
72527,1
72543,3
72548,1
72603,1
72610,1
72613,1
72619,3
72621,2
72628,2
72637,3
72645,1
72649,3
72654,1
72656,1
72659,2
72663,2
72666,1
72672,1
72679,3
72687,2
72688,3
72689,3
72697,2
72704,2
72705,1
72707,2
72720,2
72731,3
72749,3
72753,1
72758,1
72777,1
72783,1
72788,2
72794,3
72814,2
72815,1
72818,2
72822,1
72828,3
72842,2
72853,3
72854,3
72879,2
72905,1
72926,1
72931,3
72961,1
72972,3
72975,3
72979,2
73019,3
73051,1
73053,3
73054,2
73068,3
73073,1
73077,1
73082,1
73089,2
73132,1
73141,1
73149,1
73155,2
73170,2
73192,1
73197,2
73201,3
73239,2
73250,3
73270,2
73277,1
73278,3
73321,3
73364,1
73376,2
73377,1
73432,2
73438,1
73460,1
73467,3
73522,1
73524,2
73558,3
73581,1
73590,2
73597,2
73608,3
73644,3
73645,3
73649,3
73651,3
73655,1
73661,1
73698,1
73710,3
73727,2
73736,3
73741,2
73758,3
73764,3
73772,2
73780,3
73782,3
73812,3
73814,1
73816,1
73820,1
73826,1
73831,3
73845,3
73856,1
73895,1
73896,2
73903,3
73917,2
73934,3
73936,1
73952,1
73963,1
73973,3
73974,3
74003,1
74013,2
74017,1
74022,1
74038,3
74058,1
74059,3
74061,2
74064,3
74065,2
74075,2
74077,2
74084,1
74088,3
74138,1
74139,2
74142,1
74154,3
74159,3
74163,1
74165,1
74178,1
74179,3
74185,2
74206,2
74234,2
74236,2
74266,3
74271,2
74282,1
74295,1
74302,3
74304,1
74305,3
74307,2
74317,3
74338,3
74340,1
74347,1
74356,1
74367,2
74370,2
74378,2
74379,2
74391,2
74410,2
74415,1
74430,3
74447,2
74469,2
74481,2
74492,2
74513,3
74517,2
74520,2
74525,2
74528,2
74542,3
74548,1
74559,3
74566,2
74572,1
74575,2
74577,3
74607,1
74614,2
74619,1
74629,2
74630,1
74632,1
74644,2
74658,1
74663,3
74666,3
74670,3
74675,3
74682,2
74685,2
74717,2
74718,1
74719,1
74727,1
74739,2
74757,2
74759,1
74773,3
74785,3
74787,1
74794,3
74798,3
74799,1
74811,1
74836,1
74838,1
74859,3
74864,1
74866,1
74871,2
74878,2
74879,2
74891,3
74895,2
74897,2
74905,1
74909,2
74928,1
74934,2
74942,3
74950,1
74961,1
74979,3
74995,1
75007,1
75019,3
75037,2
75061,2
75065,3
75130,3
75139,1
75141,2
75160,3
75161,2
75169,1
75173,2
75174,2
75177,3
75182,1
75188,2
75190,2
75199,1
75206,3
75207,1
75215,2
75219,2
75220,3
75224,3
75226,3
75233,1
75243,2
75265,1
75273,2
75276,2
75299,1
75318,2
75337,1
75345,1
75351,1
75358,3
75363,1
75368,3
75369,2
75376,3
75414,2
75419,3
75420,2
75421,3
75424,1
75436,3
75450,2
75454,3
75461,1
75463,1
75492,3
75496,1
75504,2
75509,1
75531,3
75532,1
75537,3
75556,3
75559,1
75563,1
75568,3
75569,1
75574,2
75598,1
75602,2
75627,2
75628,2
75631,1
75633,1
75649,1
75650,3
75664,1
75675,2
75684,3
75696,1
75700,3
75704,3
75707,3
75714,1
75720,2
75722,1
75729,2
75731,1
75740,1
75756,3
75781,2
75788,1
75789,1
75796,2
75802,2
75804,1
75823,2
75828,2
75848,2
75852,2
75856,1
75865,3
75877,3
75884,2
75899,3
75902,2
75912,3
75913,1
75915,2
75917,3
75947,2
75962,2
75979,3
75981,2
75983,3
75987,2
75996,3
76011,2
76033,1
76043,2
76044,3
76047,1
76050,1
76065,2
76067,3
76070,2
76083,2
76088,3
76107,1
76131,3
76145,2
76147,1
76153,3
76166,3
76175,1
76181,1
76185,2
76186,3
76187,1
76202,2
76203,1
76214,1
76219,3
76226,2
76239,3
76244,3
76251,1
76252,3
76255,1
76256,1
76257,2
76265,3
76277,2
76312,2
76322,3
76327,2
76331,2
76334,2
76362,3
76364,2
76366,1
76367,1
76368,2
76373,3
76383,2
76402,2
76405,1
76408,2
76413,3
76430,1
76433,2
76435,1
76453,1
76485,2
76497,2
76517,3
76525,3
76530,1
76540,2
76552,3
76562,1
76575,3
76585,1
76620,3
76627,1
76631,3
76632,2
76643,3
76668,3
76690,1
76691,3
76701,2
76708,3
76709,1
76716,3
76720,2
76724,1
76739,3
76750,3
76758,2
76764,3
76767,1
76782,1
76788,2
76800,3
76820,1
76822,1
76825,3
76837,3
76870,3
76888,3
76891,3
76895,1
76897,3
76909,1
76938,3
76943,1
76946,3
76949,3
76953,2
76955,3
76959,2
76977,1
76984,2
76990,3
76998,1
77035,3
77039,2
77055,2
77068,2
77082,2
77087,1
77088,2
77093,3
77100,3
77105,3
77107,3
77118,1
77134,2
77158,3
77159,2
77160,2
77164,1
77165,3
77168,2
77175,1
77183,2
77211,3
77231,3
77243,3
77251,2
77256,3
77260,1
77264,1
77268,1
77282,1
77289,3
77308,1
77328,2
77335,1
77340,2
77356,2
77357,3
77361,2
77364,1
77366,3
77369,1
77388,3
77392,1
77410,2
77414,2
77423,2
77448,1
77456,2
77458,1
77460,2
77483,2
77499,3
77501,3
77505,2
77516,1
77523,2
77525,1
77540,3
77543,2
77546,3
77549,2
77560,1
77562,3
77564,1
77580,3
77596,2
77606,3
77612,1
77613,1
77639,3
77644,2
77656,3
77660,2
77664,2
77675,1
77677,2
77685,2
77689,2
77690,3
77710,2
77713,1
77722,3
77724,3
77734,2
77736,1
77742,3
77747,1
77750,2
77751,1
77805,1
77810,1
77814,3
77816,1
77827,2
77830,2
77835,2
77843,1
77864,3
77865,2
77878,1
77895,1
77896,3
77912,1
77920,3
77930,1
77933,1
77938,2
77957,2
77959,2
77960,3
77994,2
78012,3
78018,2
78026,2
78033,1
78045,2
78047,2
78070,1
78081,1
78086,3
78089,2
78090,1
78098,1
78100,3
78105,1
78108,3
78125,2
78128,2
78136,2
78148,2
78149,3
78158,2
78170,2
78184,3
78193,2
78195,2
78200,3
78204,2
78206,3
78212,2
78221,2
78227,2
78231,3
78237,3
78240,2
78242,2
78243,1
78244,2
78247,2
78250,2
78251,3
78254,1
78263,2
78270,3
78297,1
78298,2
78310,2
78357,1
78358,2
78364,3
78375,2
78381,3
78388,3
78391,1
78394,2
78428,3
78438,1
78446,2
78454,2
78466,1
78467,3
78527,1
78587,1
78588,3
78604,2
78608,2
78617,1
78633,2
78636,1
78641,1
78651,3
78656,1
78665,2
78699,3
78714,3
78731,2
78732,1
78738,3
78748,1
78760,2
78772,3
78776,3
78791,1
78828,1
78831,3
78835,1
78856,1
78857,3
78861,2
78864,2
78872,2
78879,1
78882,2
78905,1
78908,2
78932,3
78936,2
78946,1
78968,1
78975,3
78977,3
78986,2
78990,3
79004,1
79015,1
79039,2
79049,1
79052,1
79062,3
79083,2
79096,1
79100,1
79101,2
79104,3
79106,1
79119,3
79129,2
79184,3
79187,1
79199,3
79202,2
79222,2
79228,2
79266,2
79291,2
79298,1
79300,2
79311,2
79312,3
79324,2
79350,3
79369,3
79383,1
79405,1
79450,3
79476,3
79484,2
79486,1
79494,3
79495,3
79509,2
79524,3
79533,1
79557,1
79563,3
79584,2
79587,3
79589,1
79596,1
79635,1
79653,3
79666,2
79684,1
79688,2
79691,2
79699,1
79703,3
79704,1
79735,1
79737,3
79763,2
79783,2
79794,3
79801,2
79803,1
79804,2
79821,1
79828,3
79843,1
79857,1
79875,3
79884,1
79893,2
79894,3
79912,3
79914,2
79922,1
79923,3
79937,1
79938,1
79943,3
79946,3
79950,2
79964,2
79974,1
79976,2
80002,2
80017,1
80022,1
80065,2
80071,2
80073,3
80078,1
80102,1
80103,3
80117,3
80123,2
80124,3
80138,3
80144,2
80146,1
80149,3
80150,1
80157,3
80162,3
80196,1
80213,2
80216,1
80225,2
80239,1
80245,2
80246,3
80253,3
80261,3
80263,2
80265,1
80270,3
80282,1
80292,3
80296,3
80303,3
80306,1
80315,3
80331,3
80389,3
80391,2
80407,3
80420,2
80421,2
80425,2
80446,2
80449,2
80457,1
80459,3
80463,1
80470,2
80471,1
80472,1
80477,1
80482,1
80486,2
80488,3
80489,1
80490,3
80491,2
80500,2
80511,2
80513,1
80515,3
80522,3
80542,3
80553,1
80579,1
80595,3
80596,1
80598,1
80615,3
80618,3
80634,2
80644,2
80658,2
80659,1
80664,2
80670,1
80680,3
80683,2
80689,3
80695,3
80720,3
80760,1
80762,3
80775,3
80789,2
80801,2
80812,2
80816,3
80821,1
80834,1
80842,3
80863,1
80871,2
80879,3
80886,2
80888,2
80889,2
80916,3
80923,3
80964,3
80972,1
80973,3
80976,1
80989,2
80992,1
80994,3
80995,2
81015,3
81027,2
81034,1
81047,2
81050,1
81077,2
81081,1
81082,2
81084,2
81103,2
81105,3
81110,2
81120,2
81123,1
81125,1
81141,2
81148,2
81161,1
81179,3
81186,2
81191,1
81202,2
81212,1
81215,3
81216,2
81226,2
81227,2
81230,3
81235,3
81240,3
81258,1
81259,2
81265,1
81280,1
81283,3
81289,2
81325,2
81333,2
81341,3
81345,2
81355,3
81368,1
81376,2
81392,2
81395,1
81413,2
81424,3
81451,3
81455,3
81461,3
81470,1
81483,2
81498,2
81500,2
81515,3
81516,3
81524,2
81532,3
81544,1
81551,1
81554,2
81557,3
81558,2
81605,1
81606,2
81621,2
81625,3
81657,3
81669,3
81676,1
81693,2
81705,2
81718,3
81719,2
81729,1
81746,2
81754,2
81761,3
81762,3
81774,2
81785,3
81804,3
81816,3
81833,3
81846,2
81847,3
81857,3
81864,1
81873,2
81901,2
81913,1
81928,1
81937,1
81947,1
81957,3
81969,2
81978,1
81980,2
81983,2
81997,1
82012,3
82015,2
82016,1
82036,1
82045,3
82048,3
82052,1
82059,2
82065,3
82066,3
82073,1
82088,3
82094,2
82099,1
82120,1
82128,3
82140,3
82144,1
82164,3
82171,3
82177,2
82179,3
82184,1
82203,2
82213,1
82215,2
82245,2
82248,1
82249,3
82256,3
82263,1
82266,1
82277,3
82285,3
82301,1
82323,1
82327,1
82352,3
82355,3
82357,1
82370,3
82385,3
82397,2
82398,2
82400,2
82405,3
82417,3
82437,1
82446,3
82467,2
82474,2
82475,2
82492,1
82502,2
82513,3
82555,1
82559,1
82560,1
82567,2
82587,2
82597,2
82628,1
82631,2
82639,2
82643,3
82684,2
82696,3
82706,1
82710,3
82751,2
82755,2
82794,2
82796,3
82805,2
82824,1
82827,2
82829,3
82835,1
82838,2
82851,3
82867,2
82876,1
82878,2
82890,1
82904,1
82913,1
82920,3
82950,3
82959,3
82980,2
82993,2
83008,1
83020,1
83043,3
83045,3
83071,2
83080,1
83088,3
83089,1
83097,3
83108,1
83110,3
83117,2
83124,3
83129,2
83137,3
83151,3
83160,2
83175,1
83181,2
83185,1
83205,1
83222,2
83225,2
83247,1
83255,2
83294,1
83302,2
83330,2
83337,2
83341,3
83342,3
83346,3
83353,2
83355,3
83361,3
83376,3
83382,1
83384,2
83398,1
83399,2
83403,2
83405,3
83424,2
83427,1
83447,3
83473,1
83488,3
83490,3
83492,1
83496,3
83507,1
83519,2
83542,2
83555,1
83603,3
83612,1
83614,3
83621,3
83628,2
83629,3
83633,3
83646,2
83664,1
83685,2
83697,2
83698,3
83704,2
83706,3
83713,1
83714,1
83719,3
83737,1
83739,3
83749,3
83751,1
83756,3
83763,1
83764,1
83772,1
83800,3
83801,2
83804,1
83821,1
83825,2
83844,3
83853,3
83857,3
83863,2
83892,3
83893,3
83908,2
83912,1
83918,1
83920,2
83928,1
83934,3
83941,3
83944,3
83946,2
83970,2
83981,1
83990,2
83996,1
84001,2
84002,2
84015,2
84016,1
84020,2
84031,3
84037,1
84048,2
84050,1
84058,3
84064,3
84078,1
84084,1
84108,2
84112,1
84118,2
84147,1
84153,1
84175,1
84199,1
84211,2
84219,3
84226,1
84228,2
84229,1
84232,1
84245,3
84250,3
84255,1
84291,3
84297,3
84300,3
84310,3
84323,3
84324,3
84338,2
84342,2
84364,2
84365,1
84369,3
84382,1
84384,3
84392,1
84394,1
84414,2
84432,1
84436,3
84457,3
84475,1
84498,1
84507,1
84511,3
84513,2
84517,3
84524,1
84525,3
84530,2
84538,2
84541,3
84547,1
84558,3
84572,1
84574,2
84583,2
84608,3
84641,3
84671,1
84678,2
84692,2
84703,3
84705,3
84724,1
84743,3
84749,1
84755,3
84764,3
84787,2
84788,1
84798,3
84807,1
84808,1
84809,3
84813,1
84824,1
84840,1
84867,2
84873,2
84879,1
84881,2
84928,3
84931,1
84937,3
84938,3
84946,2
84948,1
84957,1
84992,3
84999,1
85002,1
85006,1
85009,1
85029,2
85040,2
85051,3
85056,1
85059,3
85070,2
85097,3
85111,2
85121,1
85130,1
85141,1
85143,2
85162,3
85163,3
85174,1
85176,3
85180,1
85185,3
85200,1
85201,1
85205,1
85207,3
85213,1
85216,3
85220,2
85227,2
85229,2
85230,1
85232,1
85234,1
85239,2
85256,3
85314,1
85328,3
85329,1
85332,1
85339,1
85347,2
85350,2
85380,3
85395,1
85397,2
85401,1
85404,1
85411,2
85414,1
85419,1
85423,3
85432,1
85442,1
85446,1
85459,1
85461,2
85462,2
85465,1
85481,2
85482,1
85488,2
85493,3
85515,1
85516,3
85518,2
85520,2
85522,3
85526,3
85532,2
85550,2
85553,2
85560,3
85565,2
85590,1
85597,1
85599,3
85604,1
85610,3
85616,2
85620,1
85626,2
85628,2
85641,3
85652,1
85662,2
85695,2
85708,1
85709,3
85717,3
85719,3
85724,2
85728,3
85739,1
85741,3
85745,3
85747,1
85750,1
85755,2
85756,2
85766,1
85779,3
85788,2
85790,2
85810,1
85812,3
85815,1
85818,3
85825,3
85830,3
85839,1
85845,3
85846,3
85854,1
85868,3
85882,2
85897,2
85911,1
85935,3
85938,1
85947,2
85949,2
85954,2
85957,2
85964,3
85980,3
85990,2
85998,3
86012,1
86016,2
86019,2
86020,2
86036,1
86054,2
86065,1
86081,1
86086,2
86087,1
86089,3
86091,2
86100,2
86101,3
86107,1
86115,2
86127,2
86145,2
86150,2
86195,1
86200,3
86209,2
86216,3
86219,2
86227,3
86228,2
86239,2
86245,2
86258,1
86265,2
86279,3
86293,2
86307,2
86308,2
86311,1
86331,1
86335,1
86342,2
86346,2
86374,1
86375,3
86388,1
86389,2
86406,3
86416,3
86430,2
86438,1
86439,2
86453,3
86468,3
86477,3
86493,2
86501,2
86510,3
86531,2
86536,2
86544,3
86553,1
86584,3
86585,1
86595,3
86601,3
86615,1
86651,3
86652,2
86664,2
86693,3
86701,1
86715,1
86721,3
86740,2
86750,1
86761,3
86787,3
86789,3
86791,2
86792,3
86793,1
86798,2
86840,2
86870,1
86885,1
86891,3
86896,1
86900,2
86915,3
86916,1
86933,2
86934,2
86939,1
86959,1
86969,1
86977,1
86985,2
86996,2
87007,3
87009,3
87035,2
87044,1
87045,3
87046,2
87048,2
87051,1
87064,2
87112,2
87115,2
87121,2
87141,1
87149,3
87157,3
87169,1
87174,3
87181,1
87185,2
87197,1
87202,2
87229,3
87248,3
87259,1
87282,3
87286,1
87288,3
87295,1
87296,3
87301,2
87328,3
87338,2
87339,1
87340,1
87344,3
87347,3
87362,2
87373,1
87385,2
87412,1
87430,2
87439,2
87451,1
87452,2
87457,3
87471,1
87480,3
87481,2
87490,1
87494,1
87503,1
87509,2
87514,3
87520,3
87557,2
87569,1
87571,3
87574,3
87580,1
87583,3
87600,3
87603,3
87608,1
87619,1
87627,2
87637,2
87647,1
87654,2
87667,2
87680,3
87681,3
87709,2
87711,2
87722,1
87729,2
87737,3
87756,1
87758,2
87772,3
87775,3
87782,1
87785,3
87794,2
87835,3
87861,3
87863,2
87866,2
87884,1
87890,3
87899,2
87925,3
87926,2
87928,2
87929,2
87936,2
87939,1
87951,2
87955,1
87962,1
87982,2
87997,2
88008,2
88023,1
88030,2
88033,3
88046,2
88083,1
88086,2
88108,1
88145,3
88146,3
88157,3
88158,3
88160,1
88162,1
88168,3
88188,1
88224,3
88225,1
88228,2
88233,2
88241,3
88242,3
88243,3
88267,1
88273,1
88298,2
88309,2
88312,2
88347,1
88357,2
88361,1
88362,2
88364,3
88394,3
88398,1
88402,3
88403,2
88416,2
88438,2
88440,3
88466,2
88467,2
88491,1
88494,2
88496,3
88502,3
88514,3
88519,1
88524,3
88526,1
88543,2
88556,3
88566,1
88588,1
88592,1
88594,3
88596,2
88625,1
88651,1
88661,1
88704,2
88708,1
88709,1
88733,1
88754,3
88756,1
88799,2
88803,3
88804,2
88805,3
88808,3
88813,3
88832,2
88834,1
88849,2
88853,1
88855,3
88887,1
88892,1
88893,2
88896,2
88898,1
88907,3
88908,3
88910,2
88911,2
88926,1
88933,3
88937,3
88948,1
88953,3
88962,3
88966,3
88971,1
88990,1
88991,1
89001,2
89006,1
89010,2
89016,3
89050,2
89066,3
89074,2
89082,2
89085,2
89088,2
89090,1
89093,1
89103,2
89109,2
89110,2
89127,3
89128,2
89149,1
89157,1
89158,3
89165,2
89166,1
89181,2
89188,3
89202,2
89222,1
89231,2
89236,1
89244,3
89252,1
89271,3
89274,1
89278,1
89292,2
89309,2
89320,1
89324,1
89339,2
89356,2
89364,2
89386,3
89403,2
89409,2
89420,1
89422,1
89425,2
89431,2
89451,2
89455,3
89464,2
89475,2
89497,3
89498,2
89499,3
89504,3
89528,2
89543,1
89554,3
89559,3
89585,2
89591,2
89596,1
89615,3
89622,1
89633,2
89641,2
89645,2
89647,2
89696,2
89698,1
89703,1
89721,3
89727,1
89756,3
89765,1
89787,2
89811,3
89815,3
89848,3
89851,2
89867,1
89873,2
89889,1
89897,1
89931,1
89934,3
89938,2
89942,2
89944,2
89962,3
89987,1
89989,2
89994,2
89997,3
90001,2
90006,2
90024,1
90029,3
90031,3
90038,2
90054,2
90072,3
90097,1
90100,2
90143,3
90154,1
90156,1
90160,2
90183,1
90194,2
90198,3
90202,1
90209,1
90228,1
90233,1
90236,2
90268,3
90269,2
90288,3
90289,1
90291,3
90293,2
90309,3
90314,2
90329,3
90343,2
90352,3
90365,3
90394,3
90403,1
90406,1
90423,2
90425,1
90444,2
90454,2
90458,1
90459,1
90461,3
90463,2
90482,1
90488,3
90509,3
90512,3
90518,3
90528,3
90534,2
90538,1
90556,1
90557,3
90558,1
90559,1
90575,1
90596,3
90598,3
90609,1
90624,1
90640,2
90648,2
90657,1
90686,1
90687,1
90689,3
90698,1
90711,1
90731,2
90734,2
90750,3
90766,2
90772,3
90775,1
90776,3
90788,2
90795,2
90797,2
90798,1
90811,2
90833,2
90836,2
90862,2
90870,3
90874,1
90883,1
90892,1
90924,3
90941,2
90975,3
90981,1
90984,1
91001,3
91002,3
91016,1
91028,1
91035,2
91041,1
91067,1
91100,1
91112,1
91125,3
91126,2
91149,1
91155,3
91158,1
91165,1
91168,2
91179,3
91212,3
91213,3
91246,1
91260,2
91262,2
91265,3
91283,1
91284,2
91299,3
91302,2
91304,2
91307,3
91316,1
91324,3
91335,1
91338,3
91339,1
91353,2
91363,3
91368,3
91386,3
91390,2
91412,2
91434,1
91441,3
91458,2
91464,2
91469,3
91491,3
91498,3
91515,2
91530,1
91540,1
91588,1
91590,2
91612,3
91643,2
91662,3
91666,2
91672,1
91684,1
91687,2
91696,3
91705,2
91715,1
91718,2
91723,3
91742,1
91746,2
91751,2
91787,1
91791,3
91800,2
91801,1
91806,3
91807,2
91817,2
91860,1
91861,1
91869,3
91874,2
91875,3
91878,1
91885,2
91887,3
91890,1
91910,2
91914,2
91920,3
91925,1
91945,2
91972,3
91979,1
92003,1
92008,3
92017,1
92028,1
92030,3
92032,2
92040,2
92048,3
92069,3
92112,1
92117,3
92125,3
92127,1
92134,3
92136,1
92140,2
92145,3
92147,3
92164,2
92168,2
92172,2
92174,2
92176,3
92177,3
92189,2
92195,1
92206,3
92214,2
92217,3
92218,2
92223,3
92225,2
92226,1
92239,2
92251,2
92266,2
92276,1
92287,3
92293,3
92296,1
92301,3
92314,3
92315,3
92324,1
92331,3
92336,2
92339,2
92341,1
92349,2
92350,3
92356,1
92361,2
92383,1
92399,3
92410,3
92449,2
92460,2
92465,2
92466,1
92468,1
92470,3
92474,2
92479,2
92491,3
92530,3
92531,3
92533,1
92539,2
92548,2
92556,3
92580,1
92598,3
92600,2
92605,2
92616,3
92618,2
92627,1
92630,3
92633,3
92636,2
92639,1
92647,1
92648,2
92651,2
92663,1
92695,1
92713,1
92714,2
92725,1
92736,2
92747,3
92748,1
92753,1
92754,3
92761,3
92762,1
92763,2
92764,3
92775,1
92783,1
92786,3
92801,3
92815,1
92817,2
92823,3
92826,3
92828,1
92834,1
92836,2
92842,3
92845,2
92849,3
92887,2
92893,1
92896,2
92910,1
92938,1
92944,1
92947,3
92953,2
92963,1
92969,3
92988,1
92998,1
93000,1
93009,1
93014,2
93016,3
93019,1
93032,2
93042,3
93055,2
93060,3
93066,2
93072,2
93075,1
93091,3
93123,1
93158,1
93178,3
93189,1
93197,3
93204,3
93215,1
93222,2
93230,2
93233,2
93261,2
93266,1
93269,2
93283,3
93287,3
93294,3
93300,1
93302,3
93332,3
93335,2
93343,3
93351,2
93383,1
93385,1
93386,1
93387,2
93396,2
93401,3
93419,1
93432,3
93435,2
93449,3
93458,1
93461,2
93478,3
93488,1
93533,2
93545,3
93560,3
93566,1
93586,1
93595,2
93606,1
93619,2
93625,1
93630,2
93631,2
93655,3
93659,1
93682,1
93696,2
93708,2
93710,2
93711,1
93715,2
93717,2
93738,3
93747,2
93748,1
93760,3
93765,3
93774,2
93784,1
93792,3
93801,1
93807,2
93811,3
93825,3
93843,1
93847,1
93850,1
93865,1
93878,3
93885,3
93886,1
93889,1
93891,2
93896,2
93924,3
93963,3
93991,1
93992,2
94003,1
94006,2
94009,3
94015,3
94019,2
94051,1
94077,2
94082,1
94088,3
94102,2
94125,1
94141,2
94142,1
94165,3
94166,1
94186,2
94251,3
94254,3
94259,2
94262,3
94286,2
94288,3
94329,3
94334,1
94356,1
94368,1
94372,3
94409,3
94412,3
94431,1
94436,2
94442,2
94460,2
94479,2
94489,2
94509,2
94512,3
94520,2
94522,2
94533,3
94539,3
94545,1
94548,2
94557,2
94569,1
94575,2
94578,3
94584,2
94596,2
94598,2
94603,1
94604,3
94607,2
94608,2
94634,2
94635,3
94636,3
94641,2
94647,1
94660,2
94661,3
94676,3
94692,2
94703,3
94707,3
94711,2
94712,1
94724,2
94727,3
94768,2
94785,3
94812,3
94814,2
94827,3
94832,3
94833,2
94835,3
94837,1
94838,2
94842,3
94845,3
94850,1
94867,2
94872,2
94876,3
94885,2
94888,1
94891,2
94894,3
94905,2
94918,3
94941,2
94954,3
94964,1
94970,1
94986,2
94999,2
95021,1
95039,1
95049,1
95050,2
95063,1
95072,1
95075,1
95082,1
95093,1
95101,3
95116,1
95120,3
95123,2
95124,3
95131,3
95133,1
95143,2
95146,2
95157,2
95159,1
95168,1
95176,1
95184,1
95214,2
95219,2
95233,3
95256,1
95263,2
95268,3
95276,1
95319,2
95329,3
95337,1
95339,3
95366,1
95383,3
95391,1
95407,2
95432,2
95443,1
95471,1
95474,1
95477,1
95487,2
95499,1
95505,3
95526,2
95537,3
95539,3
95541,1
95546,1
95556,2
95561,1
95575,1
95597,1
95598,2
95599,2
95603,1
95612,1
95616,3
95619,1
95627,1
95635,3
95636,1
95639,2
95641,1
95654,1
95682,3
95686,2
95688,3
95691,2
95714,1
95722,1
95725,1
95728,2
95730,1
95738,2
95742,3
95744,2
95745,2
95757,3
95777,2
95790,2
95791,1
95794,1
95797,3
95799,2
95803,2
95805,3
95809,1
95826,3
95830,2
95835,1
95870,3
95902,2
95904,1
95907,1
95910,3
95922,2
95932,3
95939,1
95941,2
95942,1
95945,3
95949,1
95966,3
95970,3
95976,2
95977,1
95983,3
95987,1
95988,2
96014,2
96028,2
96034,3
96057,3
96067,3
96075,3
96076,1
96082,1
96084,1
96097,2
96098,1
96101,3
96110,2
96111,1
96138,1
96141,3
96145,3
96149,3
96158,2
96165,3
96179,2
96190,2
96196,2
96204,2
96206,1
96213,3
96215,3
96218,3
96219,3
96226,1
96244,3
96250,1
96252,2
96259,2
96264,3
96266,2
96267,1
96283,2
96289,1
96295,1
96296,2
96366,2
96373,1
96374,3
96378,1
96393,2
96394,3
96400,3
96407,1
96410,1
96416,2
96420,2
96432,3
96437,2
96441,3
96447,1
96448,1
96459,3
96476,2
96485,2
96524,1
96526,1
96535,1
96536,2
96538,3
96545,1
96555,3
96557,3
96559,1
96568,2
96582,3
96603,1
96607,2
96623,3
96637,3
96638,3
96640,2
96643,2
96645,3
96650,3
96653,2
96666,1
96679,3
96680,3
96682,1
96690,3
96707,1
96714,3
96731,1
96737,3
96755,2
96760,1
96772,3
96804,3
96810,1
96813,2
96814,1
96821,2
96829,3
96858,2
96865,1
96887,1
96897,3
96911,2
96933,2
96936,2
96942,1
96961,3
96967,2
96973,2
96988,2
97003,3
97012,3
97014,1
97019,2
97024,3
97030,1
97059,2
97060,3
97068,1
97069,2
97117,1
97124,2
97129,1
97135,2
97154,3
97157,1
97167,1
97172,3
97182,2
97189,1
97195,2
97205,1
97220,1
97229,1
97234,3
97248,2
97261,3
97265,3
97284,3
97292,2
97306,1
97319,2
97325,3
97328,2
97331,1
97338,1
97361,1
97367,3
97370,3
97387,2
97401,3
97403,3
97407,3
97420,1
97422,2
97457,2
97473,3
97477,3
97480,3
97486,2
97527,2
97534,2
97536,1
97543,2
97556,1
97565,1
97574,2
97576,2
97596,2
97601,2
97610,2
97621,3
97630,3
97632,2
97637,1
97668,3
97671,3
97673,2
97698,1
97702,2
97740,3
97790,1
97798,1
97800,1
97838,2
97839,2
97857,3
97866,1
97875,1
97887,3
97890,3
97894,2
97897,1
97899,1
97902,2
97909,2
97914,3
97921,3
97924,1
97936,2
97939,2
97944,3
97972,2
97974,1
97977,1
97980,2
98014,1
98018,2
98028,2
98029,3
98030,3
98031,2
98062,3
98079,3
98089,3
98101,3
98108,1
98115,1
98127,3
98129,3
98131,1
98141,1
98143,2
98155,3
98158,2
98163,3
98171,1
98176,2
98188,3
98192,3
98197,2
98205,1
98240,2
98249,1
98281,3
98289,1
98293,3
98295,2
98304,1
98305,1
98325,3
98334,3
98349,1
98370,2
98373,3
98379,3
98393,2
98398,1
98444,1
98452,3
98455,3
98465,2
98466,3
98474,3
98484,1
98487,1
98488,3
98495,3
98501,1
98531,2
98536,1
98539,3
98554,3
98560,3
98570,3
98591,3
98593,1
98601,2
98605,3
98614,1
98621,2
98622,2
98627,1
98652,3
98654,2
98659,2
98664,1
98673,1
98680,2
98681,3
98697,3
98701,2
98717,1
98730,1
98745,2
98750,1
98761,1
98775,3
98822,2
98825,2
98831,3
98839,2
98842,3
98847,2
98858,2
98870,1
98875,3
98889,3
98892,2
98899,2
98908,2
98909,2
98925,1
98930,2
98933,2
98942,2
98945,2
98953,1
98958,3
98959,1
98963,2
98979,2
98996,1
99008,2
99020,3
99023,2
99038,3
99041,3
99043,2
99046,2
99049,3
99053,2
99080,3
99082,1
99102,3
99104,2
99106,3
99124,2
99136,2
99144,3
99146,3
99162,3
99170,3
99175,1
99179,1
99180,1
99192,3
99207,2
99232,2
99234,2
99262,2
99270,3
99272,3
99277,3
99292,2
99314,3
99315,2
99321,1
99325,1
99349,1
99356,3
99370,1
99388,2
99396,1
99403,2
99407,1
99417,2
99435,3
99437,3
99461,3
99473,2
99482,1
99492,1
99493,3
99497,3
99506,1
99525,1
99532,3
99543,2
99547,2
99551,2
99569,1
99584,3
99592,3
99594,1
99616,2
99640,2
99653,3
99659,2
99662,1
99673,2
99680,2
99681,1
99707,2
99723,3
99729,1
99752,1
99753,1
99758,1
99770,2
99775,2
99782,2
99789,3
99796,3
99823,1
99825,1
99829,3
99831,1
99846,1
99849,2
99852,1
99863,1
99873,2
99875,3
99877,1
99881,2
99896,3
99903,1
99920,3
99928,2
99930,1
99958,1
99962,2
99963,2
99964,3
99969,1
99976,1
99978,1
99980,2
