employee_id,certification_count
1008,5
1011,2
1027,2
1047,4
1049,5
1053,3
1056,2
1060,5
1073,1
1114,3
1143,1
1152,5
1153,1
1161,2
1162,2
1172,4
1180,1
1190,1
1192,3
1203,4
1209,1
1238,3
1247,2
1274,1
1285,1
1286,4
1288,2
1296,5
1318,5
1342,3
1345,3
1349,1
1359,3
1362,3
1369,2
1377,3
1379,3
1382,5
1384,2
1392,1
1414,2
1420,1
1429,2
1475,5
1478,3
1503,4
1506,5
1528,3
1537,4
1554,4
1574,1
1578,2
1586,1
1590,3
1593,2
1624,2
1628,1
1630,3
1633,1
1639,3
1646,2
1656,5
1674,2
1688,5
1692,1
1694,5
1699,4
1710,4
1717,1
1732,1
1735,1
1738,5
1755,5
1766,3
1767,5
1775,1
1796,1
1842,1
1859,4
1868,1
1875,5
1886,4
1898,2
1906,5
1912,5
1913,1
1924,2
1931,3
1948,4
1960,2
1971,2
1977,5
1979,5
1980,5
1984,4
1987,5
2000,2
2003,3
2016,5
2040,4
2041,5
2062,2
2074,5
2075,4
2091,2
2120,5
2133,4
2136,5
2152,5
2201,3
2203,2
2228,3
2254,4
2255,3
2261,5
2271,3
2280,3
2284,4
2296,2
2301,1
2305,3
2321,1
2346,2
2363,2
2380,4
2413,3
2438,3
2447,1
2463,5
2467,4
2479,2
2482,3
2489,5
2499,1
2506,3
2515,4
2520,5
2525,4
2541,1
2542,2
2545,3
2547,2
2549,1
2550,2
2565,4
2566,3
2569,3
2580,5
2591,5
2605,1
2609,5
2610,4
2635,5
2637,3
2653,1
2682,5
2695,5
2698,1
2704,1
2713,3
2723,1
2724,5
2727,4
2730,3
2732,3
2739,3
2764,4
2766,3
2806,3
2826,4
2831,1
2837,4
2849,4
2854,1
2889,3
2903,5
2907,1
2937,4
2940,1
2941,5
2945,3
2947,4
2959,1
2963,2
2965,2
2970,2
3008,3
3011,1
3019,1
3022,2
3028,3
3032,2
3038,4
3046,5
3064,3
3069,5
3090,2
3102,2
3104,3
3113,1
3122,2
3123,5
3132,4
3144,1
3151,4
3153,2
3156,4
3166,5
3194,1
3197,4
3199,5
3226,5
3228,1
3234,3
3246,1
3250,5
3263,1
3268,4
3272,5
3275,2
3313,5
3322,2
3329,1
3334,2
3342,5
3360,5
3371,5
3377,1
3378,1
3384,4
3387,5
3399,4
3400,3
3401,2
3402,2
3409,3
3415,3
3420,2
3426,2
3437,2
3442,5
3473,3
3483,4
3506,5
3524,4
3526,1
3543,1
3544,1
3556,5
3571,2
3598,1
3605,4
3606,4
3644,2
3678,3
3683,3
3698,3
3714,5
3756,1
3763,5
3776,3
3791,1
3792,3
3797,1
3802,2
3807,2
3812,3
3829,3
3847,3
3879,2
3881,4
3887,2
3936,2
3944,2
3966,3
3978,3
3982,3
3986,1
4006,1
4009,5
4013,2
4014,3
4022,4
4024,5
4025,5
4033,4
4034,2
4037,5
4048,3
4084,4
4089,4
4096,1
4100,5
4106,3
4149,5
4159,2
4164,5
4172,5
4180,5
4194,3
4200,2
4206,5
4218,4
4222,3
4245,3
4252,3
4277,4
4282,4
4289,3
4295,4
4301,2
4319,3
4320,5
4344,3
4351,1
4353,5
4364,1
4392,3
4411,5
4436,5
4450,1
4503,3
4505,4
4511,5
4524,3
4548,1
4558,4
4595,4
4605,4
4615,4
4628,4
4631,1
4634,5
4654,1
4676,5
4698,3
4701,5
4707,4
4716,2
4718,4
4719,1
4722,3
4733,5
4742,5
4776,2
4801,5
4805,1
4810,3
4811,2
4814,3
4815,3
4827,5
4838,5
4858,5
4888,3
4889,1
4909,5
4919,1
4980,3
4997,1
5012,2
5020,1
5030,2
5036,2
5039,5
5045,1
5049,3
5069,1
5072,3
5074,3
5083,5
5086,5
5087,2
5091,5
5093,2
5101,4
5104,2
5111,5
5144,4
5168,5
5177,3
5186,4
5196,2
5197,3
5205,3
5246,3
5256,5
5260,4
5262,2
5275,4
5291,3
5311,3
5342,4
5345,3
5360,5
5372,5
5384,3
5401,4
5419,2
5439,4
5446,5
5457,4
5461,3
5466,2
5483,4
5507,1
5512,1
5524,4
5540,3
5546,4
5559,1
5560,5
5566,2
5569,2
5578,2
5598,5
5622,4
5630,3
5640,5
5650,3
5669,1
5680,1
5716,3
5738,2
5743,2
5765,4
5777,3
5785,2
5795,1
5797,1
5799,3
5806,5
5809,4
5823,4
5828,1
5838,4
5850,2
5860,5
5864,5
5868,2
5869,3
5873,1
5898,5
5925,5
5927,5
5935,5
5940,2
5965,1
5988,1
5993,1
6004,5
6008,2
6009,2
6018,1
6020,5
6022,4
6032,4
6036,2
6039,5
6043,5
6053,5
6055,2
6075,5
6159,1
6161,5
6162,4
6195,5
6197,3
6205,2
6220,4
6223,2
6234,1
6275,3
6280,3
6296,2
6299,2
6302,2
6308,3
6327,2
6335,2
6344,5
6350,4
6364,2
6372,2
6404,3
6442,5
6459,5
6469,4
6496,5
6503,4
6524,4
6532,4
6538,3
6558,2
6562,3
6573,3
6590,2
6612,4
6630,2
6631,3
6641,5
6653,1
6655,2
6660,5
6688,2
6704,5
6705,5
6721,1
6734,2
6749,5
6757,2
6759,1
6767,5
6807,1
6811,5
6829,3
6832,5
6856,1
6871,2
6873,3
6879,4
6881,3
6888,1
6898,2
6905,5
6929,3
6938,5
6944,3
6948,2
6956,1
6960,2
6974,2
7003,2
7008,3
7035,1
7036,2
7053,1
7054,1
7062,3
7067,2
7085,5
7095,2
7111,2
7114,2
7150,5
7159,2
7167,3
7205,4
7208,5
7233,3
7236,3
7249,5
7257,3
7261,4
7267,3
7269,3
7277,4
7289,4
7295,2
7298,1
7307,1
7315,3
7317,5
7326,2
7327,2
7332,5
7340,3
7349,1
7350,4
7364,3
7373,3
7375,2
7378,4
7399,4
7418,2
7437,3
7458,1
7459,5
7468,2
7471,4
7482,2
7503,5
7520,2
7524,1
7540,3
7541,2
7543,5
7548,3
7563,2
7584,4
7589,2
7603,2
7607,1
7620,4
7627,5
7634,1
7643,3
7650,4
7661,5
7673,1
7676,1
7691,5
7695,3
7702,1
7710,1
7719,2
7735,5
7772,2
7790,2
7799,3
7801,1
7804,2
7809,4
7810,5
7819,5
7832,5
7847,4
7854,4
7857,1
7901,5
7905,5
7908,2
7909,1
7915,1
7938,3
7947,2
7948,2
7949,5
7987,3
8024,5
8027,5
8031,5
8041,4
8050,1
8084,2
8087,1
8101,2
8116,5
8124,2
8128,5
8136,4
8137,2
8140,2
8190,1
8205,2
8238,2
8260,3
8263,3
8270,3
8275,1
8276,4
8302,5
8306,2
8317,1
8333,5
8350,3
8362,3
8367,5
8380,4
8381,2
8390,1
8398,1
8405,5
8406,5
8409,5
8416,2
8417,4
8430,1
8456,1
8462,1
8472,5
8491,5
8492,2
8502,1
8508,2
8518,3
8530,1
8545,2
8548,5
8557,4
8560,2
8587,3
8589,5
8591,5
8596,5
8601,2
8611,5
8622,1
8639,3
8641,1
8654,3
8682,4
8685,3
8687,4
8702,2
8716,1
8721,2
8742,5
8744,3
8749,4
8751,2
8758,4
8771,2
8780,5
8785,1
8792,5
8809,3
8813,4
8814,3
8821,1
8847,3
8848,2
8853,4
8877,5
8922,3
8941,1
8942,5
8943,5
8947,4
8975,2
8990,2
8994,2
8996,1
9005,1
9008,4
9023,2
9033,2
9038,2
9050,5
9058,2
9069,5
9094,1
9113,3
9132,3
9135,2
9148,2
9152,1
9153,4
9160,3
9171,3
9172,5
9178,3
9187,3
9198,5
9208,4
9231,2
9250,3
9278,5
9284,1
9294,5
9301,4
9316,1
9324,4
9330,5
9334,1
9343,5
9346,1
9352,4
9383,1
9398,1
9407,2
9445,4
9472,3
9473,4
9509,3
9519,5
9521,2
9587,1
9601,2
9607,2
9613,2
9615,1
9633,5
9636,2
9637,5
9662,1
9684,3
9686,1
9734,2
9735,3
9739,3
9750,5
9789,4
9810,2
9811,2
9816,2
9843,2
9881,2
9893,4
9902,1
9910,4
9917,5
9939,3
9948,1
9954,1
9957,2
9968,2
9980,1
9989,5
9993,3
9997,4
10005,4
10014,5
10019,5
10031,5
10033,4
10043,4
10047,2
10058,1
10068,1
10072,1
10077,2
10094,4
10107,3
10121,1
10127,3
10143,1
10145,2
10146,4
10151,3
10167,1
10175,5
10176,1
10183,1
10202,4
10207,5
10208,3
10216,5
10241,5
10261,3
10266,5
10287,4
10308,3
10309,4
10320,1
10323,2
10344,4
10351,3
10356,5
10359,5
10365,5
10367,2
10372,2
10380,3
10384,5
10385,4
10391,2
10402,1
10408,2
10448,2
10474,4
10484,4
10500,1
10507,2
10511,2
10520,1
10525,2
10533,2
10570,1
10576,5
10584,1
10595,2
10622,5
10634,5
10649,2
10670,5
10672,3
10679,2
10695,4
10697,4
10706,2
10748,5
10756,3
10767,3
10769,1
10775,5
10784,3
10798,5
10828,3
10835,2
10861,1
10875,3
10879,1
10881,5
10898,5
10923,3
10924,3
10925,2
10946,3
10950,4
10956,4
10974,3
11009,5
11039,2
11050,4
11069,1
11081,5
11093,2
11103,3
11106,1
11123,1
11131,4
11141,1
11157,4
11195,3
11209,3
11251,5
11256,3
11266,2
11287,2
11293,2
11294,1
11295,2
11320,2
11321,1
11323,3
11329,2
11334,2
11342,3
11349,4
11371,3
11387,3
11408,1
11419,1
11436,3
11453,3
11454,3
11472,2
11481,4
11482,5
11484,2
11509,2
11513,4
11515,4
11553,1
11568,1
11572,3
11604,3
11605,5
11615,5
11624,5
11628,4
11669,2
11671,1
11674,4
11689,3
11694,5
11732,5
11733,2
11771,3
11776,1
11779,4
11788,5
11811,2
11818,2
11834,1
11836,3
11844,1
11864,3
11884,5
11906,5
11909,5
11919,2
11927,5
11931,2
11950,4
11965,4
11981,5
12009,2
12012,4
12016,3
12059,3
12072,2
12083,4
12103,5
12110,3
12118,5
12136,3
12144,1
12161,3
12182,5
12200,3
12211,5
12218,4
12220,2
12240,1
12244,4
12260,2
12264,5
12276,1
12296,2
12305,3
12320,3
12362,3
12366,4
12384,2
12401,5
12408,2
12411,5
12447,5
12456,1
12476,4
12493,5
12503,3
12529,5
12531,2
12544,3
12574,2
12593,5
12594,1
12599,3
12601,5
12607,4
12614,2
12616,1
12628,5
12649,5
12663,2
12664,1
12674,3
12687,1
12713,4
12720,4
12727,2
12748,1
12755,1
12768,3
12793,2
12821,1
12828,3
12834,4
12842,2
12843,3
12845,2
12850,1
12860,4
12864,3
12877,2
12912,3
12919,5
12936,1
12942,3
12957,5
12980,1
12986,2
12990,2
12997,5
13009,2
13016,2
13031,5
13033,2
13066,4
13071,5
13092,5
13098,5
13099,1
13103,4
13133,4
13134,4
13135,5
13149,5
13160,3
13174,4
13178,5
13182,5
13191,1
13205,1
13210,4
13222,5
13230,3
13234,5
13248,1
13263,2
13279,4
13304,2
13308,4
13403,2
13420,3
13449,4
13502,5
13524,3
13525,3
13555,4
13567,4
13568,4
13575,5
13585,1
13607,1
13625,3
13637,1
13644,5
13656,3
13662,5
13663,1
13665,3
13710,2
13732,2
13733,1
13742,4
13756,5
13803,2
13819,4
13822,1
13847,1
13862,2
13880,3
13889,1
13901,4
13910,1
13913,1
13914,1
13921,4
13925,5
13940,3
13955,5
13956,1
13957,2
13964,2
13984,5
14004,3
14008,3
14009,3
14024,1
14033,4
14034,3
14041,5
14045,1
14059,3
14072,2
14080,1
14083,2
14102,3
14112,3
14122,3
14127,5
14133,2
14164,5
14173,5
14212,1
14224,2
14238,2
14268,1
14269,1
14274,5
14282,3
14298,4
14318,4
14355,1
14362,1
14373,2
14374,2
14382,2
14389,2
14391,5
14395,3
14415,4
14419,1
14431,5
14451,1
14459,2
14473,4
14503,4
14518,3
14536,1
14552,5
14575,4
14580,4
14582,1
14607,2
14612,5
14622,1
14662,3
14672,5
14681,4
14683,2
14705,5
14725,2
14730,5
14737,3
14748,5
14796,2
14829,1
14830,3
14832,2
14834,2
14846,1
14854,3
14864,4
14869,4
14884,4
14888,4
14896,1
14917,1
14927,1
14934,2
14938,1
14944,3
14965,4
14993,2
15007,2
15010,5
15013,4
15024,4
15025,4
15028,4
15033,3
15036,3
15040,2
15047,5
15073,1
15093,3
15098,1
15106,3
15113,1
15147,3
15148,2
15158,1
15168,4
15236,5
15242,3
15244,5
15246,2
15251,1
15254,2
15260,4
15261,3
15263,2
15266,4
15289,2
15305,2
15329,2
15335,3
15337,1
15390,5
15399,3
15410,1
15416,2
15422,5
15449,4
15454,1
15497,2
15509,4
15516,4
15545,5
15552,5
15620,4
15630,2
15638,2
15645,2
15647,3
15678,1
15685,1
15699,3
15701,4
15707,5
15712,2
15731,3
15733,1
15758,5
15759,4
15775,5
15777,1
15788,2
15797,4
15835,2
15841,3
15844,4
15854,4
15858,4
15869,2
15873,2
15877,3
15903,2
15905,3
15921,5
15930,5
15937,4
15938,2
15944,4
15951,5
15956,3
15966,2
15969,5
15978,2
15982,4
15995,3
16002,4
16007,5
16008,3
16010,2
16012,5
16017,2
16030,4
16059,4
16066,5
16072,4
16086,5
16092,3
16093,3
16110,2
16114,1
16124,4
16135,3
16139,3
16146,2
16156,3
16160,5
16206,5
16212,3
16218,5
16235,5
16256,4
16260,1
16276,1
16285,2
16305,1
16306,4
16312,4
16316,1
16343,4
16344,3
16350,5
16360,4
16363,1
16379,2
16380,3
16387,5
16390,5
16394,3
16398,4
16408,3
16416,1
16423,1
16430,1
16439,4
16445,2
16446,5
16448,2
16449,3
16454,2
16456,4
16478,5
16483,2
16502,5
16505,4
16508,1
16526,4
16532,2
16539,2
16553,4
16575,3
16583,2
16584,2
16602,1
16604,5
16607,4
16614,2
16628,4
16643,2
16653,4
16659,5
16664,1
16674,5
16697,4
16710,3
16712,5
16718,3
16754,4
16755,5
16763,5
16776,5
16798,4
16801,2
16805,1
16816,3
16833,1
16835,3
16860,5
16887,5
16892,1
16900,1
16908,3
16924,4
16933,2
16943,4
16958,4
16960,2
16965,5
16991,5
17012,3
17019,5
17040,4
17060,2
17066,1
17090,4
17093,5
17115,5
17126,4
17149,2
17156,2
17173,3
17177,2
17180,2
17182,3
17190,1
17195,1
17197,1
17198,5
17199,3
17206,1
17222,4
17230,2
17234,4
17237,2
17238,2
17246,5
17248,3
17249,2
17262,1
17272,5
17306,4
17312,2
17350,3
17366,3
17376,2
17398,3
17405,5
17412,4
17435,5
17436,2
17448,3
17479,5
17480,4
17496,3
17499,3
17514,5
17519,5
17530,5
17548,4
17554,5
17571,1
17612,4
17616,4
17619,3
17625,4
17635,2
17636,5
17637,2
17638,5
17639,3
17650,1
17708,1
17713,2
17715,3
17718,5
17727,5
17750,1
17762,1
17767,5
17792,5
17809,1
17836,2
17846,2
17852,1
17862,5
17869,1
17875,3
17883,2
17893,5
17895,4
17922,3
17924,4
17941,3
17951,4
17963,2
17985,3
17991,5
17992,4
18032,1
18046,2
18050,3
18053,1
18062,4
18078,2
18083,4
18090,3
18110,4
18111,4
18127,1
18130,4
18133,2
18136,2
18150,1
18165,2
18170,2
18183,2
18224,4
18253,2
18259,1
18294,2
18309,5
18312,3
18317,5
18325,4
18334,5
18338,2
18350,3
18370,4
18377,4
18388,1
18407,3
18409,5
18412,2
18414,4
18445,3
18454,3
18476,4
18487,4
18513,1
18519,3
18543,3
18548,5
18553,5
18560,2
18561,2
18565,5
18567,4
18578,4
18585,3
18592,5
18617,1
18637,3
18646,2
18656,5
18658,3
18669,3
18695,3
18707,3
18716,5
18758,4
18786,1
18797,5
18806,3
18824,3
18838,5
18861,1
18913,4
18920,1
18933,1
18952,4
18954,4
18965,4
18968,2
18978,2
18992,2
18995,1
19007,4
19034,5
19065,2
19074,4
19077,3
19078,5
19082,1
19092,2
19096,2
19120,3
19128,1
19144,2
19152,1
19162,1
19164,2
19168,4
19191,2
19198,1
19204,1
19211,2
19216,1
19232,5
19240,2
19250,3
19259,1
19260,1
19287,2
19292,5
19293,3
19295,5
19296,5
19315,3
19320,4
19339,5
19341,3
19349,4
19368,5
19374,1
19376,3
19386,2
19391,1
19395,3
19396,2
19402,4
19425,5
19428,5
19455,5
19466,1
19480,5
19482,3
19492,2
19494,3
19505,2
19523,5
19537,5
19559,5
19561,1
19567,1
19568,5
19580,1
19585,5
19607,3
19616,1
19618,4
19644,1
19647,5
19648,1
19663,1
19676,2
19679,5
19686,4
19690,1
19696,2
19698,2
19726,4
19728,1
19730,5
19740,5
19744,1
19757,1
19767,5
19771,5
19781,3
19786,5
19787,4
19789,5
19827,4
19838,2
19861,3
19867,1
19868,2
19893,4
19897,3
19927,2
19936,3
19962,1
19966,4
19967,3
19977,2
19985,2
19989,3
20014,5
20018,2
20023,1
20036,2
20041,3
20051,5
20056,5
20062,5
20071,4
20084,1
20104,3
20106,4
20109,4
20114,3
20128,4
20133,3
20145,3
20158,1
20192,3
20207,5
20209,5
20219,3
20221,4
20228,4
20235,1
20243,4
20270,3
20286,2
20305,4
20311,4
20316,4
20318,5
20323,5
20341,3
20374,5
20378,3
20383,2
20419,3
20438,1
20442,2
20449,3
20454,4
20474,5
20484,4
20486,3
20511,4
20516,5
20525,3
20532,2
20542,5
20547,2
20559,3
20602,2
20607,3
20609,3
20617,3
20628,3
20636,3
20642,2
20669,4
20678,4
20692,3
20698,1
20716,4
20730,3
20731,2
20734,1
20783,4
20784,4
20805,5
20808,5
20824,4
20833,4
20838,1
20843,3
20847,4
20848,2
20857,3
20863,2
20868,2
20886,1
20910,2
20924,1
20926,1
20931,3
20933,5
20986,3
20996,5
21002,3
21037,4
21040,4
21043,4
21047,3
21065,3
21072,2
21087,5
21097,4
21099,2
21114,5
21130,1
21137,3
21141,4
21172,1
21173,1
21192,3
21197,1
21204,1
21215,3
21237,5
21276,5
21299,5
21321,3
21326,4
21339,3
21343,1
21362,2
21367,5
21426,5
21431,3
21436,2
21442,1
21477,5
21484,2
21492,1
21496,1
21499,5
21512,4
21525,3
21526,5
21529,1
21533,3
21540,5
21552,4
21563,4
21568,1
21582,4
21600,2
21606,3
21641,4
21643,4
21660,2
21666,3
21672,2
21681,5
21689,4
21697,2
21698,1
21703,4
21705,5
21735,3
21736,3
21758,5
21763,3
21776,3
21784,4
21787,4
21795,3
21803,3
21806,4
21824,4
21828,4
21836,4
21844,1
21848,3
21857,2
21858,3
21896,4
21898,3
21899,4
21907,1
21908,4
21928,4
21935,3
21990,2
21997,1
22007,1
22008,2
22034,4
22046,1
22064,5
22077,1
22083,2
22096,5
22110,3
22116,5
22117,3
22125,5
22127,1
22138,1
22162,4
22184,1
22210,2
22213,5
22215,1
22221,5
22246,3
22253,2
22279,2
22303,2
22304,1
22314,4
22338,1
22340,2
22356,1
22380,3
22384,4
22385,4
22401,5
22415,3
22427,5
22475,3
22478,1
22493,2
22521,1
22523,3
22547,1
22577,1
22580,1
22589,5
22601,2
22614,5
22617,1
22639,3
22646,2
22659,4
22671,1
22684,4
22689,1
22699,4
22703,4
22704,3
22714,3
22718,1
22770,1
22774,3
22802,1
22806,1
22816,5
22824,4
22828,2
22832,3
22851,2
22854,3
22865,1
22876,2
22892,2
22905,4
22906,5
22909,4
22943,1
22959,5
22960,1
22968,5
23016,1
23029,1
23042,1
23066,1
23082,3
23084,1
23090,2
23100,5
23107,1
23117,3
23126,1
23148,5
23153,1
23172,2
23190,2
23252,4
23282,1
23292,4
23339,2
23343,4
23356,1
23366,1
23376,5
23387,3
23388,2
23404,4
23418,1
23425,2
23436,5
23438,4
23449,2
23464,4
23474,3
23494,5
23520,1
23525,5
23531,4
23538,1
23542,5
23562,4
23564,2
23568,5
23569,5
23593,2
23613,2
23617,4
23626,1
23684,5
23695,2
23701,4
23711,5
23718,1
23760,2
23765,3
23785,2
23792,3
23793,1
23798,5
23802,3
23810,1
23814,4
23819,1
23823,4
23824,3
23842,3
23852,2
23861,5
23901,2
23942,2
23972,4
23990,3
23994,3
24019,3
24021,5
24046,5
24059,1
24064,3
24077,1
24089,5
24111,4
24122,1
24148,5
24150,1
24164,2
24166,5
24225,1
24236,2
24252,5
24253,3
24254,1
24268,5
24291,2
24300,1
24323,2
24324,5
24383,3
24403,3
24405,2
24410,5
24419,1
24422,3
24424,5
24455,5
24461,3
24463,1
24485,1
24495,2
24502,2
24522,1
24541,5
24546,2
24551,5
24561,2
24582,1
24587,1
24595,2
24626,5
24678,5
24684,1
24702,4
24706,3
24718,5
24723,2
24744,4
24751,3
24752,3
24769,4
24775,3
24782,3
24785,5
24808,4
24879,2
24880,2
24909,1
24911,5
24920,1
24924,4
24969,3
24971,1
25004,1
25016,2
25030,2
25063,4
25084,1
25102,2
25104,5
25114,5
25151,1
25172,1
25186,2
25189,1
25191,2
25192,2
25201,4
25204,3
25205,5
25213,5
25215,4
25218,1
25221,5
25225,4
25230,2
25247,3
25252,3
25259,4
25260,1
25263,2
25278,4
25284,4
25292,3
25293,4
25299,5
25320,5
25335,3
25340,5
25415,2
25451,2
25466,3
25502,2
25504,3
25521,4
25530,3
25531,1
25537,3
25561,2
25582,1
25599,5
25606,3
25634,4
25646,2
25669,5
25712,1
25717,2
25724,5
25730,2
25737,2
25744,2
25753,2
25783,1
25789,5
25803,2
25814,4
25815,4
25818,5
25824,4
25836,5
25844,2
25862,4
25888,2
25911,2
25917,2
25921,4
25941,5
25942,5
25949,1
25953,4
25980,4
25981,3
26005,5
26012,3
26025,5
26039,2
26058,4
26106,2
26110,3
26114,4
26124,3
26193,5
26197,2
26198,4
26200,1
26202,4
26218,5
26252,3
26273,5
26308,2
26309,5
26311,5
26316,1
26319,2
26358,3
26366,2
26379,2
26381,1
26405,4
26431,4
26444,4
26459,2
26464,5
26469,3
26480,3
26493,5
26509,5
26516,4
26524,1
26527,5
26538,3
26549,4
26552,5
26553,1
26578,1
26596,1
26602,1
26617,5
26624,1
26626,4
26641,2
26690,4
26694,1
26708,5
26727,5
26749,3
26756,2
26765,4
26767,3
26781,2
26796,4
26805,3
26823,3
26836,3
26858,5
26877,1
26919,2
26926,4
26931,4
26941,1
26957,2
26995,5
27002,1
27006,2
27034,2
27041,3
27044,1
27086,5
27109,2
27134,5
27137,5
27139,2
27143,4
27144,5
27180,1
27226,1
27235,1
27250,2
27264,4
27266,5
27275,2
27281,5
27285,2
27302,1
27310,3
27325,4
27333,3
27343,2
27356,2
27376,4
27422,2
27447,3
27452,2
27459,1
27469,1
27494,5
27499,5
27509,1
27520,1
27524,1
27539,4
27546,1
27555,5
27564,3
27572,1
27578,4
27600,4
27607,1
27638,2
27641,2
27654,5
27661,3
27667,1
27673,4
27678,3
27718,5
27725,4
27727,5
27746,3
27760,3
27775,4
27798,2
27810,3
27817,4
27827,1
27842,5
27873,3
27904,3
27907,2
27925,4
27945,5
27973,2
28014,1
28017,2
28047,1
28061,4
28070,1
28091,4
28097,3
28122,2
28123,5
28154,1
28161,3
28162,2
28188,3
28201,5
28207,4
28208,1
28215,4
28226,2
28235,1
28282,5
28283,2
28287,5
28288,1
28292,3
28301,1
28305,4
28316,5
28329,1
28360,5
28361,2
28372,5
28373,1
28375,2
28390,3
28391,2
28404,1
28406,4
28411,5
28435,1
28471,1
28485,5
28501,4
28517,4
28519,5
28520,4
28523,3
28526,4
28531,2
28533,3
28536,4
28538,2
28562,5
28614,3
28615,3
28623,2
28637,2
28638,4
28639,5
28641,2
28668,1
28686,1
28696,4
28704,2
28705,5
28708,1
28713,5
28733,1
28740,3
28749,2
28754,2
28763,2
28774,3
28784,5
28797,5
28803,2
28819,1
28826,3
28836,2
28841,4
28845,3
28849,5
28860,3
28875,2
28879,2
28881,3
28909,5
28911,2
28941,3
28943,1
28944,3
28948,2
28958,2
28969,4
28988,2
28992,1
29003,5
29019,1
29020,3
29026,1
29037,2
29045,3
29052,3
29055,5
29081,4
29084,4
29087,4
29091,1
29092,3
29097,2
29119,3
29134,5
29143,4
29152,4
29154,1
29164,1
29172,4
29173,3
29176,1
29178,1
29179,2
29191,2
29200,2
29262,2
29265,1
29274,3
29299,1
29316,5
29317,5
29330,3
29337,4
29345,4
29360,3
29373,2
29376,4
29384,5
29388,3
29391,4
29397,2
29409,1
29410,4
29416,2
29419,3
29425,1
29426,2
29429,1
29484,3
29494,1
29505,2
29509,5
29517,1
29524,2
29531,4
29582,4
29583,3
29589,4
29605,5
29607,2
29620,1
29621,5
29622,2
29644,1
29652,2
29655,4
29657,5
29706,4
29713,1
29714,2
29764,2
29788,5
29798,2
29802,3
29804,2
29808,5
29826,4
29838,5
29841,2
29847,2
29892,5
29901,3
29903,3
29912,1
29913,2
29929,1
29930,4
29931,2
29932,3
29946,4
29948,1
29951,5
29974,5
29976,4
29983,5
29991,1
29999,2
30000,5
30022,5
30027,3
30037,5
30040,1
30041,1
30052,3
30056,4
30060,4
30064,1
30065,4
30073,1
30077,5
30078,2
30080,3
30082,2
30106,2
30116,5
30132,2
30137,4
30138,2
30179,5
30206,5
30210,1
30216,5
30234,4
30248,1
30258,1
30262,2
30264,2
30275,2
30276,2
30278,4
30299,4
30306,3
30309,1
30318,5
30324,3
30336,3
30339,3
30347,1
30359,5
30387,2
30396,4
30402,2
30409,3
30414,4
30465,3
30468,3
30470,4
30509,1
30511,3
30521,4
30531,5
30532,3
30537,5
30556,4
30566,5
30588,5
30613,2
30627,1
30643,1
30679,3
30683,1
30691,3
30705,3
30706,5
30721,2
30731,1
30753,5
30754,5
30763,4
30774,3
30793,5
30803,1
30808,5
30811,1
30834,2
30835,5
30842,3
30844,3
30861,1
30864,1
30867,5
30891,4
30899,5
30914,2
30925,4
30933,1
30944,3
30965,2
30969,4
30971,4
30978,4
30983,3
30995,5
31022,2
31026,4
31036,2
31059,2
31073,5
31096,3
31107,2
31133,2
31144,4
31151,4
31169,1
31220,1
31252,3
31270,2
31273,1
31284,2
31293,1
31312,1
31320,5
31322,3
31345,3
31349,4
31365,5
31392,3
31409,1
31415,3
31424,1
31455,3
31457,3
31458,2
31470,4
31496,4
31511,2
31526,4
31532,5
31540,5
31554,4
31558,4
31576,1
31577,5
31584,5
31587,5
31595,2
31598,4
31605,3
31619,5
31640,5
31651,1
31655,5
31657,4
31672,5
31675,2
31679,5
31686,5
31696,2
31705,4
31712,2
31715,5
31720,5
31735,3
31738,1
31741,4
31744,2
31748,2
31781,5
31817,3
31821,2
31826,2
31839,5
31845,3
31847,5
31848,3
31854,2
31866,5
31868,2
31874,5
31881,4
31892,2
31906,1
31908,5
31909,1
31912,4
31941,3
31950,3
31954,2
31962,5
31966,1
31989,5
31994,5
32015,2
32049,2
32059,2
32062,3
32143,5
32160,5
32187,4
32202,2
32203,2
32204,2
32267,2
32277,4
32302,4
32305,1
32308,2
32333,3
32344,2
32359,4
32370,5
32383,3
32385,3
32399,5
32418,5
32419,3
32425,1
32465,5
32504,3
32516,2
32523,4
32533,4
32535,3
32553,4
32554,3
32558,5
32564,2
32586,2
32593,1
32627,1
32635,4
32675,1
32686,2
32707,4
32718,2
32729,3
32766,4
32767,4
32768,4
32796,1
32818,4
32837,5
32860,1
32871,2
32884,5
32893,1
32901,3
32904,3
32910,2
32919,3
32934,2
32937,4
32942,3
32953,2
32955,5
32968,4
33000,2
33036,5
33070,4
33080,5
33081,1
33085,5
33095,4
33099,1
33114,3
33136,2
33161,4
33178,2
33202,2
33226,1
33234,1
33250,3
33251,3
33265,4
33272,3
33277,5
33294,4
33312,3
33313,5
33333,5
33344,1
33358,3
33362,2
33366,5
33377,5
33388,5
33417,5
33418,5
33436,5
33472,5
33482,3
33488,2
33497,3
33499,2
33511,4
33529,4
33530,1
33537,3
33540,1
33579,5
33591,4
33592,4
33593,2
33599,3
33612,2
33618,2
33640,3
33652,3
33654,4
33663,2
33675,3
33710,2
33725,3
33726,4
33745,5
33762,3
33767,5
33769,1
33784,5
33788,2
33794,3
33797,4
33798,3
33805,5
33807,3
33809,2
33832,2
33840,1
33851,4
33862,1
33864,3
33865,2
33920,5
33930,4
33939,3
33986,2
33991,3
33996,2
34013,5
34027,2
34055,4
34076,5
34105,5
34112,1
34115,4
34123,5
34137,2
34148,3
34152,2
34195,3
34202,3
34207,4
34220,3
34227,4
34264,2
34292,1
34301,3
34330,4
34339,4
34343,2
34345,2
34348,1
34400,4
34430,2
34431,5
34434,2
34435,3
34441,3
34446,2
34471,2
34483,2
34489,5
34507,1
34516,5
34527,1
34538,5
34541,2
34562,5
34585,4
34591,2
34600,5
34603,1
34610,3
34628,2
34634,1
34640,3
34647,2
34675,1
34706,5
34712,4
34717,1
34736,5
34739,4
34751,4
34760,5
34770,3
34781,1
34784,3
34804,1
34811,1
34815,2
34820,5
34828,2
34834,5
34836,3
34838,2
34844,1
34859,1
34872,3
34877,3
34891,2
34909,4
34935,5
34947,1
34958,2
34970,1
34971,4
34979,5
34980,4
34982,5
34991,3
35015,4
35021,5
35072,4
35076,2
35084,1
35086,1
35093,5
35096,4
35098,4
35106,1
35111,3
35124,4
35156,1
35162,4
35186,3
35194,2
35195,5
35201,2
35217,4
35239,2
35240,5
35255,2
35256,2
35270,1
35276,5
35288,3
35302,4
35332,3
35337,4
35348,4
35353,1
35366,5
35392,1
35393,5
35433,3
35439,2
35443,1
35462,3
35466,2
35471,1
35497,3
35499,3
35503,4
35505,5
35517,5
35533,5
35536,3
35553,3
35557,2
35564,1
35585,3
35592,2
35600,2
35614,1
35619,3
35632,4
35664,2
35711,2
35717,4
35720,2
35723,1
35729,2
35747,3
35766,2
35769,2
35771,2
35796,4
35798,5
35801,1
35811,5
35826,5
35829,3
35849,3
35887,2
35890,1
35893,3
35898,4
35911,4
35919,2
35926,2
35929,5
35940,4
35941,3
35951,4
35956,4
35969,5
35979,1
35988,5
35992,2
35993,2
35999,4
36006,5
36007,5
36015,1
36026,4
36034,3
36037,1
36058,1
36063,2
36067,4
36082,5
36091,2
36103,2
36106,3
36111,4
36124,1
36126,4
36130,4
36131,4
36137,4
36159,4
36178,2
36186,3
36192,1
36206,5
36217,2
36229,5
36239,2
36246,5
36273,2
36293,4
36294,1
36300,5
36301,3
36312,4
36316,1
36320,3
36355,4
36362,5
36363,2
36378,5
36383,1
36405,5
36406,1
36428,1
36460,1
36471,2
36474,1
36482,4
36503,2
36523,5
36593,2
36604,5
36606,5
36628,5
36631,3
36636,2
36659,4
36660,4
36662,4
36700,1
36731,2
36754,2
36757,3
36759,4
36770,3
36771,5
36773,1
36781,5
36799,4
36818,1
36820,5
36823,3
36836,3
36838,5
36839,3
36845,5
36862,4
36863,2
36867,2
36869,3
36875,1
36891,2
36893,2
36896,3
36924,5
36934,4
36938,1
36940,1
36941,4
36969,3
36970,4
36972,3
36994,1
37006,5
37011,5
37015,3
37022,3
37053,2
37082,3
37104,4
37116,1
37124,1
37127,1
37141,1
37153,5
37164,4
37171,1
37173,3
37182,2
37194,4
37207,2
37224,5
37225,3
37229,2
37249,2
37257,5
37258,5
37263,4
37264,4
37270,5
37285,3
37288,3
37375,4
37386,5
37389,1
37445,4
37451,5
37475,5
37479,2
37493,1
37503,2
37507,3
37522,5
37538,2
37541,2
37542,5
37549,4
37554,2
37559,3
37568,2
37571,2
37575,4
37582,1
37615,1
37634,5
37647,2
37657,3
37664,1
37677,1
37687,3
37689,4
37692,5
37696,1
37730,4
37758,2
37761,1
37762,4
37771,4
37774,3
37818,1
37821,3
37846,4
37849,4
37861,1
37876,3
37889,5
37897,4
37912,2
37922,2
37924,1
37933,2
37945,2
37969,2
37976,5
37979,2
37980,2
37983,2
37993,2
37997,1
38002,2
38010,5
38013,2
38040,3
38041,4
38049,5
38056,4
38072,3
38075,3
38090,3
38098,3
38102,1
38111,3
38119,1
38157,4
38163,5
38170,3
38181,3
38203,5
38204,1
38231,3
38241,4
38246,2
38254,5
38257,2
38262,5
38265,2
38269,2
38327,1
38345,4
38346,3
38348,2
38351,1
38353,4
38360,5
38377,1
38391,1
38394,5
38405,4
38407,2
38414,5
38428,5
38430,3
38431,1
38435,5
38447,5
38465,5
38497,1
38498,1
38522,5
38530,2
38539,2
38557,3
38572,4
38594,5
38619,1
38636,3
38638,1
38645,1
38672,3
38691,2
38711,3
38716,1
38724,1
38727,3
38767,3
38775,2
38784,2
38796,4
38815,5
38818,1
38819,4
38821,4
38824,3
38833,1
38847,1
38856,3
38868,1
38869,5
38892,4
38910,1
38918,4
38936,3
38946,1
38951,3
38964,5
38970,1
38989,3
39006,1
39011,1
39015,2
39022,3
39066,3
39067,3
39068,4
39107,1
39113,2
39128,1
39160,4
39163,1
39175,5
39198,4
39211,5
39227,3
39235,2
39238,3
39251,5
39258,4
39266,1
39268,3
39284,2
39295,4
39296,2
39302,5
39303,3
39312,1
39321,4
39345,5
39352,4
39385,3
39386,3
39390,5
39402,3
39418,4
39427,1
39456,4
39457,4
39508,3
39514,4
39526,4
39545,5
39553,3
39554,3
39557,1
39568,1
39574,2
39590,3
39591,1
39592,3
39597,5
39606,4
39612,2
39620,5
39632,3
39636,4
39644,3
39645,2
39658,3
39677,5
39689,4
39695,5
39700,5
39718,1
39727,5
39730,2
39734,1
39740,4
39760,4
39776,3
39781,2
39801,2
39833,3
39846,5
39855,1
39859,5
39873,3
39883,1
39886,4
39900,5
39902,3
39907,5
39911,3
39915,4
39929,4
39935,5
39943,2
39967,1
39974,4
40003,5
40038,4
40058,2
40059,3
40062,5
40067,2
40070,5
40081,4
40121,1
40122,4
40131,1
40133,5
40168,5
40181,4
40186,4
40187,4
40202,1
40207,1
40209,4
40211,1
40228,2
40238,4
40246,4
40261,5
40267,4
40286,4
40297,3
40310,1
40331,2
40335,5
40338,4
40341,2
40346,5
40368,1
40384,3
40386,5
40392,3
40406,5
40411,5
40412,1
40439,3
40453,2
40454,3
40460,5
40482,1
40487,1
40498,2
40528,2
40531,2
40537,1
40538,3
40549,4
40550,5
40575,3
40596,1
40606,4
40656,1
40661,5
40681,4
40691,1
40693,2
40696,4
40713,5
40718,1
40725,5
40727,3
40728,3
40731,5
40752,1
40754,1
40757,4
40773,3
40777,4
40783,4
40785,2
40788,3
40836,3
40845,3
40847,1
40853,3
40857,3
40862,2
40866,2
40878,1
40889,2
40890,2
40902,4
40903,5
40906,2
40911,5
40913,3
40914,1
40917,2
40921,4
40936,5
40964,5
40990,2
40995,1
40996,5
41018,4
41021,2
41030,1
41069,1
41076,3
41079,2
41082,3
41105,4
41113,5
41116,3
41138,2
41141,1
41175,5
41177,4
41179,1
41181,1
41191,3
41215,1
41243,3
41278,2
41290,4
41295,1
41302,2
41374,2
41379,2
41410,1
41415,2
41435,3
41441,4
41457,5
41467,2
41507,3
41517,2
41526,1
41534,3
41570,4
41573,4
41578,1
41588,3
41596,4
41599,3
41604,4
41609,5
41620,4
41624,2
41653,3
41657,3
41665,1
41682,4
41684,2
41690,1
41695,4
41703,4
41712,5
41717,2
41725,5
41773,5
41795,3
41806,1
41816,3
41822,4
41825,5
41837,1
41854,5
41859,1
41860,3
41864,2
41867,3
41881,1
41903,5
41905,4
41923,5
41931,2
41972,4
41979,1
41981,4
42001,3
42013,4
42023,4
42034,3
42039,5
42053,5
42077,2
42093,1
42113,3
42120,2
42123,2
42138,5
42148,1
42155,2
42156,5
42173,3
42177,1
42210,1
42211,1
42212,5
42229,5
42238,1
42243,5
42247,2
42255,1
42265,4
42285,4
42287,5
42333,4
42344,1
42348,3
42354,2
42357,2
42395,5
42412,5
42439,1
42444,4
42451,1
42470,4
42479,3
42483,3
42493,5
42496,4
42510,5
42523,2
42525,3
42536,1
42538,2
42561,3
42565,2
42591,3
42622,3
42656,4
42659,3
42673,2
42683,1
42719,4
42746,1
42760,2
42763,2
42767,4
42769,2
42783,3
42798,5
42820,3
42821,2
42823,2
42826,2
42829,5
42859,5
42877,4
42889,5
42918,1
42925,3
42950,2
42983,3
43005,5
43019,3
43032,1
43057,1
43075,4
43084,1
43085,5
43107,1
43136,3
43156,2
43164,1
43179,3
43181,1
43188,1
43217,4
43218,2
43228,5
43233,2
43268,4
43324,3
43333,1
43344,3
43360,4
43373,5
43386,3
43387,5
43390,5
43397,5
43404,1
43414,1
43418,5
43429,4
43451,2
43485,2
43512,2
43518,5
43519,2
43526,2
43539,5
43548,5
43555,3
43560,1
43572,5
43578,5
43582,3
43592,2
43599,4
43622,3
43625,4
43632,1
43634,3
43638,1
43647,3
43655,1
43660,4
43662,5
43751,3
43758,5
43776,5
43792,4
43804,3
43826,5
43842,3
43843,5
43853,4
43876,3
43888,2
43895,1
43903,1
43916,4
43918,4
43925,4
43926,3
43931,2
43986,4
43998,5
44021,2
44037,4
44045,1
44048,4
44052,2
44054,3
44056,1
44062,2
44066,5
44068,3
44071,1
44084,2
44085,2
44092,1
44106,2
44109,4
44125,1
44149,3
44164,3
44186,3
44188,3
44226,4
44245,3
44252,4
44290,5
44292,3
44308,1
44317,2
44330,2
44345,4
44386,1
44427,1
44443,5
44461,2
44474,3
44490,2
44492,3
44524,3
44533,5
44538,1
44548,1
44568,3
44593,2
44621,3
44623,4
44629,2
44630,1
44631,5
44637,5
44659,5
44663,3
44679,4
44701,5
44712,2
44714,3
44733,1
44779,5
44819,2
44848,3
44855,1
44874,4
44875,5
44889,3
44892,3
44911,4
44942,3
44945,4
44952,2
44955,3
44973,3
45001,5
45011,1
45021,2
45024,2
45081,3
45088,1
45092,4
45128,3
45144,5
45145,1
45149,4
45158,1
45207,4
45213,3
45237,3
45303,1
45305,5
45312,5
45325,5
45350,1
45353,3
45373,2
45379,3
45391,2
45392,5
45405,4
45407,4
45421,2
45429,5
45432,3
45434,5
45447,5
45453,5
45461,3
45462,3
45467,2
45487,2
45496,5
45499,4
45503,4
45526,2
45536,3
45547,3
45563,2
45598,4
45615,2
45618,4
45645,4
45653,5
45667,3
45674,1
45675,3
45696,1
45726,5
45728,3
45735,2
45751,2
45762,1
45783,2
45785,4
45799,1
45812,4
45816,1
45822,4
45829,4
45831,1
45852,1
45866,4
45876,1
45880,2
45885,5
45889,1
45913,4
45924,2
45934,2
45941,3
45950,1
45961,3
45965,2
45967,5
45980,5
45987,5
45988,2
46024,2
46031,5
46077,1
46098,2
46132,3
46135,4
46146,1
46161,1
46171,2
46178,3
46183,5
46185,4
46202,3
46219,2
46293,4
46309,5
46331,1
46340,1
46367,3
46380,1
46388,3
46407,1
46418,4
46430,1
46439,2
46441,2
46449,1
46459,3
46461,2
46476,5
46510,2
46559,1
46564,4
46577,5
46578,5
46580,1
46597,1
46600,2
46625,4
46626,4
46639,3
46647,1
46661,3
46664,5
46676,5
46694,1
46733,3
46744,4
46757,3
46758,5
46759,1
46767,2
46775,4
46776,4
46788,4
46793,5
46832,2
46852,4
46855,5
46857,5
46863,4
46877,2
46882,3
46886,4
46890,3
46914,1
46933,1
46948,3
46962,4
46969,2
46996,2
47001,4
47002,1
47044,3
47064,4
47122,3
47143,4
47144,1
47163,1
47164,2
47169,3
47172,4
47180,2
47182,2
47185,5
47188,5
47193,3
47194,4
47215,1
47241,1
47242,4
47257,5
47258,4
47265,3
47268,5
47291,1
47347,4
47351,5
47361,5
47379,4
47381,4
47400,5
47405,3
47420,3
47424,1
47434,3
47449,1
47464,1
47466,1
47472,3
47477,4
47481,4
47493,1
47501,3
47505,1
47520,2
47526,5
47529,5
47575,2
47584,1
47588,1
47597,3
47614,3
47618,5
47620,3
47643,1
47651,1
47663,2
47671,3
47672,5
47676,4
47691,3
47692,1
47706,4
47711,1
47713,1
47727,5
47752,1
47788,3
47798,1
47799,5
47803,3
47807,3
47815,5
47817,4
47832,1
47852,2
47857,5
47869,1
47882,3
47884,2
47892,1
47897,2
47898,1
47901,3
47905,3
47916,5
47930,1
47968,5
48002,1
48021,4
48038,1
48042,1
48063,4
48072,2
48077,5
48087,2
48090,4
48092,2
48108,3
48109,4
48117,4
48144,1
48161,1
48162,1
48184,5
48206,4
48232,4
48241,1
48243,3
48246,5
48253,2
48259,3
48266,3
48296,2
48298,1
48299,2
48315,1
48317,3
48318,2
48337,5
48387,2
48442,5
48446,1
48459,3
48468,2
48474,1
48478,2
48493,3
48527,5
48541,2
48542,2
48568,4
48588,5
48600,5
48633,1
48636,2
48639,1
48643,1
48651,2
48659,2
48661,4
48687,5
48694,3
48710,5
48725,1
48727,4
48728,4
48755,2
48772,3
48792,2
48793,2
48816,1
48824,5
48828,4
48829,4
48839,4
48852,1
48866,1
48890,2
48899,3
48901,3
48913,2
48925,3
48929,1
48951,5
48965,1
48966,3
48992,3
48996,5
49009,5
49010,4
49018,2
49035,1
49068,2
49080,5
49088,2
49091,2
49097,2
49105,4
49155,3
49166,4
49172,1
49197,1
49206,4
49236,3
49266,3
49275,4
49280,2
49317,5
49321,1
49324,5
49339,4
49352,4
49355,5
49356,2
49358,3
49389,2
49404,5
49432,2
49434,5
49442,2
49447,4
49469,1
49488,1
49519,2
49521,4
49530,3
49534,2
49537,2
49545,1
49562,4
49563,3
49575,1
49597,3
49599,3
49609,4
49622,1
49653,2
49660,5
49666,3
49673,5
49694,1
49710,2
49712,5
49743,5
49750,1
49755,1
49770,5
49772,3
49777,1
49791,2
49794,1
49797,1
49810,5
49837,3
49848,3
49854,5
49856,3
49862,5
49865,4
49908,1
49909,1
49931,1
49962,2
49969,4
49983,5
49988,1
49997,5
49999,2
50007,4
50015,3
50028,2
50035,3
50040,1
50044,5
50045,5
50050,1
50078,1
50086,1
50091,4
50108,4
50140,5
50143,2
50145,1
50150,1
50159,2
50162,4
50172,3
50212,4
50222,3
50233,2
50236,4
50241,5
50254,3
50291,5
50308,5
50312,4
50315,5
50348,3
50354,5
50364,3
50369,3
50374,5
50415,3
50436,5
50437,3
50441,2
50444,4
50452,4
50460,4
50493,1
50500,2
50506,5
50521,3
50524,5
50527,3
50534,2
50557,4
50574,5
50578,4
50579,1
50581,1
50588,5
50595,1
50622,5
50638,3
50645,1
50661,1
50683,1
50696,4
50707,2
50727,5
50732,4
50734,5
50736,5
50737,3
50773,3
50784,4
50786,2
50789,1
50796,4
50806,4
50809,3
50810,1
50816,5
50824,5
50827,1
50835,4
50846,3
50854,1
50855,3
50859,4
50879,1
50880,2
50881,3
50897,4
50898,1
50907,4
50917,1
50934,1
50935,4
50942,4
50959,5
50961,4
50974,5
50989,4
50991,3
50996,3
50997,3
50998,4
51016,4
51026,3
51042,2
51044,4
51047,3
51059,3
51064,2
51068,5
51070,4
51082,1
51106,4
51117,5
51122,1
51143,4
51157,4
51168,3
51176,1
51180,3
51181,3
51191,5
51210,1
51225,3
51233,4
51242,2
51262,5
51294,3
51308,5
51334,2
51339,3
51387,2
51407,1
51418,5
51419,4
51454,3
51463,3
51465,5
51473,4
51477,5
51481,1
51494,3
51504,2
51508,1
51525,2
51532,5
51535,5
51540,5
51542,1
51545,3
51546,5
51553,4
51562,5
51570,3
51573,2
51579,1
51583,1
51586,2
51605,2
51614,5
51616,3
51626,5
51642,4
51651,1
51654,5
51679,3
51698,3
51699,3
51704,2
51707,2
51723,5
51727,4
51754,1
51758,4
51773,3
51778,1
51799,4
51802,5
51845,5
51864,5
51873,1
51878,5
51885,4
51919,4
51930,2
51951,5
51952,3
51981,5
52002,1
52003,3
52006,3
52008,2
52010,1
52028,2
52045,3
52048,5
52053,1
52055,2
52095,1
52128,1
52142,5
52154,1
52162,1
52171,1
52176,4
52184,4
52190,2
52193,4
52217,4
52230,1
52247,2
52258,3
52281,2
52291,4
52303,2
52314,4
52316,1
52330,1
52340,3
52362,5
52370,5
52374,5
52380,4
52388,1
52390,4
52401,1
52405,4
52430,1
52454,4
52467,5
52475,3
52485,3
52506,4
52517,2
52553,3
52562,1
52565,4
52566,1
52567,5
52573,5
52583,2
52584,1
52595,2
52612,2
52619,2
52626,3
52658,1
52699,2
52700,1
52704,5
52713,1
52736,1
52745,1
52771,5
52800,5
52805,3
52829,1
52835,4
52836,4
52853,4
52905,2
52950,2
52952,3
52956,4
52958,1
52971,4
52972,5
52979,4
52981,1
52999,3
53002,5
53030,5
53036,4
53044,1
53048,4
53050,2
53067,5
53082,2
53099,2
53102,4
53119,4
53125,2
53126,3
53140,3
53168,5
53186,1
53215,3
53219,3
53221,2
53232,3
53234,1
53240,3
53273,3
53278,4
53292,2
53299,4
53321,5
53325,1
53340,2
53392,5
53404,5
53408,2
53427,2
53439,2
53459,1
53469,2
53528,1
53542,1
53548,5
53553,1
53554,4
53569,5
53576,2
53585,3
53614,5
53666,5
53676,3
53703,1
53725,4
53744,4
53752,5
53800,5
53801,2
53833,4
53835,5
53875,4
53880,1
53892,4
53898,4
53918,4
53932,2
53934,3
53957,4
53961,2
53983,1
54013,4
54014,1
54045,2
54054,2
54061,1
54067,5
54092,3
54095,1
54096,4
54107,1
54110,5
54113,2
54118,3
54119,2
54126,3
54135,5
54150,4
54152,1
54157,4
54180,4
54183,5
54185,5
54204,4
54214,5
54223,5
54231,3
54236,3
54243,2
54252,1
54266,3
54268,2
54298,3
54311,3
54314,2
54317,5
54332,5
54336,4
54338,5
54348,1
54352,3
54371,4
54390,2
54399,4
54450,4
54471,2
54494,3
54512,5
54513,3
54514,5
54531,5
54536,2
54544,3
54553,4
54573,1
54575,4
54576,2
54613,5
54631,3
54638,2
54644,2
54645,5
54646,2
54661,1
54673,3
54674,3
54683,1
54695,3
54696,3
54708,5
54721,5
54722,5
54741,4
54754,1
54765,4
54767,4
54774,3
54786,1
54788,3
54804,4
54818,4
54819,1
54823,2
54844,1
54867,2
54877,2
54892,1
54904,1
54920,3
54927,4
54943,2
54949,2
54958,5
54970,1
54978,3
54979,4
54995,2
55002,3
55011,2
55012,3
55039,2
55042,3
55051,1
55070,3
55073,4
55093,1
55111,3
55117,2
55148,3
55170,2
55200,2
55228,4
55231,3
55232,3
55266,5
55278,2
55280,2
55281,2
55292,5
55302,5
55310,4
55336,1
55349,3
55351,1
55352,3
55358,4
55362,5
55375,4
55403,1
55410,2
55415,3
55421,4
55429,1
55438,4
55469,2
55471,4
55475,5
55484,5
55550,3
55551,5
55569,1
55570,3
55579,3
55583,1
55586,4
55593,5
55600,1
55623,5
55626,5
55657,5
55660,2
55672,4
55680,4
55699,5
55731,1
55741,4
55759,4
55805,5
55808,4
55817,2
55824,3
55839,5
55847,2
55849,3
55853,1
55856,3
55860,5
55863,2
55867,5
55875,3
55898,3
55911,4
55921,2
55960,2
55968,3
55983,1
55984,5
56009,2
56063,1
56070,4
56082,3
56092,5
56100,1
56133,3
56138,5
56141,3
56148,4
56150,5
56164,2
56166,5
56173,1
56174,5
56178,1
56182,1
56195,5
56201,4
56203,3
56230,2
56231,2
56239,5
56298,5
56357,3
56358,1
56401,5
56412,4
56450,2
56463,4
56484,4
56490,5
56501,1
56515,5
56533,5
56551,2
56553,5
56555,4
56565,4
56566,5
56591,3
56611,5
56638,5
56657,2
56675,4
56707,4
56710,5
56735,4
56755,5
56762,5
56763,4
56773,5
56775,3
56790,3
56802,3
56805,2
56808,1
56819,3
56831,4
56835,2
56837,2
56848,1
56855,1
56859,2
56864,1
56867,1
56876,4
56883,4
56893,3
56897,3
56900,2
56913,5
56922,1
56930,3
56970,2
56987,2
56992,5
56999,2
57023,4
57031,3
57052,5
57056,5
57061,1
57072,3
57084,5
57092,2
57099,5
57102,1
57116,3
57147,4
57152,2
57167,4
57176,1
57188,4
57197,5
57198,5
57221,5
57225,3
57231,1
57263,1
57269,3
57289,3
57295,3
57297,2
57323,5
57328,5
57339,2
57374,1
57381,4
57384,3
57416,4
57433,4
57447,1
57454,1
57464,5
57475,4
57479,5
57487,4
57488,3
57489,5
57503,2
57522,5
57526,5
57530,4
57537,4
57540,1
57563,1
57564,4
57578,5
57587,4
57617,2
57626,1
57627,2
57629,2
57643,1
57662,4
57669,5
57690,2
57698,1
57712,5
57724,5
57732,5
57763,4
57771,3
57777,2
57798,1
57803,3
57810,2
57815,5
57816,3
57826,4
57840,5
57844,3
57847,4
57850,5
57866,5
57872,1
57892,5
57912,2
57943,5
57962,1
57963,4
57969,1
57996,5
58008,5
58016,5
58019,2
58038,3
58044,4
58047,2
58055,1
58079,1
58081,1
58082,4
58085,3
58088,3
58105,2
58106,3
58119,5
58123,5
58125,4
58126,4
58134,3
58135,1
58139,5
58144,5
58145,3
58170,3
58174,2
58185,5
58201,2
58202,1
58230,5
58284,1
58295,4
58297,5
58302,5
58317,4
58324,1
58346,3
58347,5
58362,3
58364,5
58365,5
58368,2
58403,2
58410,4
58412,4
58421,1
58435,5
58454,3
58539,3
58547,3
58557,3
58563,4
58567,4
58577,3
58595,2
58609,2
58612,5
58616,3
58627,5
58648,4
58653,3
58661,1
58665,1
58666,1
58680,1
58688,3
58694,4
58705,2
58707,5
58710,5
58718,3
58719,4
58736,4
58767,3
58774,2
58779,1
58781,1
58789,4
58794,3
58797,3
58799,4
58806,3
58811,4
58829,4
58851,4
58858,2
58864,5
58878,3
58897,4
58907,2
58909,1
58921,5
58930,4
58945,1
58948,1
58952,3
58953,5
58960,4
58963,4
58965,4
59011,4
59033,4
59034,3
59043,5
59068,1
59074,2
59092,1
59093,4
59100,2
59110,5
59114,4
59132,4
59175,5
59198,4
59199,5
59202,1
59212,5
59214,4
59217,1
59218,1
59219,5
59220,2
59233,1
59278,4
59307,4
59308,1
59310,2
59335,5
59345,3
59352,3
59362,4
59368,2
59369,1
59381,2
59392,2
59402,4
59403,2
59404,4
59414,5
59434,2
59440,3
59441,3
59455,2
59462,4
59468,5
59479,3
59486,1
59522,3
59538,1
59559,4
59560,5
59561,4
59562,3
59569,5
59570,4
59573,5
59574,1
59575,3
59598,2
59618,3
59625,5
59628,1
59635,3
59637,1
59667,2
59670,2
59683,5
59697,5
59704,2
59712,3
59733,3
59736,3
59749,1
59752,2
59757,4
59763,3
59766,5
59772,5
59773,3
59774,1
59780,3
59784,3
59805,2
59812,4
59817,3
59818,2
59831,2
59840,5
59858,4
59899,1
59902,2
59903,2
59908,5
59909,3
59921,5
59958,3
59959,1
59967,2
59975,5
59988,2
59998,4
59999,5
60002,3
60063,2
60069,3
60071,3
60078,5
60091,1
60094,4
60103,4
60145,4
60157,4
60174,3
60188,2
60226,3
60227,4
60237,3
60252,2
60266,3
60268,4
60274,2
60287,1
60290,2
60292,1
60299,5
60306,1
60308,5
60315,5
60336,5
60344,2
60352,1
60359,4
60371,1
60379,1
60395,3
60410,1
60424,4
60442,5
60447,3
60450,2
60462,2
60490,1
60545,5
60547,1
60569,4
60586,1
60622,4
60643,1
60660,2
60665,4
60666,2
60667,1
60681,1
60710,5
60716,1
60719,4
60768,1
60790,2
60800,2
60808,1
60810,4
60811,3
60815,1
60827,3
60830,1
60835,5
60846,4
60849,3
60854,2
60868,4
60906,4
60919,4
60940,3
60945,5
60946,4
60961,4
60987,3
60991,3
61002,5
61005,5
61036,2
61038,1
61040,5
61044,5
61057,3
61081,4
61097,5
61107,2
61116,3
61119,4
61130,5
61158,4
61175,3
61190,3
61195,4
61206,1
61208,5
61210,3
61215,2
61223,1
61255,5
61265,3
61266,3
61274,2
61331,3
61333,4
61335,4
61351,5
61357,1
61359,3
61361,3
61378,3
61400,1
61401,4
61408,2
61428,4
61445,2
61455,2
61498,3
61516,1
61532,4
61557,4
61558,4
61565,1
61569,2
61589,5
61591,5
61624,1
61629,2
61630,5
61635,4
61643,4
61649,2
61651,4
61658,5
61659,1
61665,1
61670,5
61679,1
61693,3
61703,3
61713,4
61727,3
61729,5
61738,2
61745,1
61747,4
61756,3
61757,5
61762,1
61766,3
61783,5
61793,3
61794,3
61798,5
61808,1
61809,5
61811,3
61822,2
61843,4
61852,5
61879,1
61883,3
61919,3
61923,5
61924,4
61952,1
61963,1
61964,4
61977,1
61987,2
61997,1
61998,4
62002,3
62006,5
62019,5
62020,4
62023,3
62033,3
62069,1
62082,1
62083,3
62085,5
62102,4
62109,1
62110,4
62114,5
62125,2
62130,5
62152,1
62160,5
62161,5
62162,2
62186,1
62200,4
62204,5
62205,1
62210,3
62213,1
62222,3
62225,2
62231,5
62240,2
62243,1
62253,3
62272,4
62274,1
62301,4
62362,5
62363,3
62371,1
62376,2
62379,4
62393,3
62424,4
62434,2
62443,2
62452,1
62480,3
62534,1
62546,3
62550,5
62552,1
62562,2
62589,4
62603,3
62610,3
62612,5
62618,3
62625,5
62631,5
62658,3
62667,2
62677,2
62678,4
62692,5
62696,4
62717,1
62729,3
62752,4
62758,3
62768,3
62778,4
62790,3
62795,5
62798,4
62802,3
62806,5
62820,1
62833,4
62845,5
62853,1
62861,4
62862,2
62863,5
62865,2
62880,1
62884,2
62915,4
62948,4
62963,5
62969,2
62970,2
62973,5
62979,1
62983,2
62991,3
63006,1
63011,5
63012,3
63014,3
63018,2
63025,5
63029,5
63030,2
63033,2
63035,5
63039,3
63054,4
63057,4
63061,3
63070,4
63078,1
63114,4
63118,3
63129,3
63131,5
63139,4
63141,2
63145,5
63146,3
63214,1
63222,2
63243,3
63246,4
63248,3
63259,5
63271,3
63272,4
63276,2
63283,3
63295,5
63306,3
63308,1
63335,3
63344,2
63350,3
63364,3
63367,4
63377,4
63385,3
63435,2
63452,2
63461,5
63508,1
63528,3
63556,3
63560,2
63566,1
63579,5
63592,1
63593,1
63608,4
63650,3
63656,1
63659,2
63685,1
63704,3
63713,5
63718,5
63723,1
63728,1
63745,1
63780,3
63783,1
63810,5
63874,1
63876,3
63892,1
63899,2
63901,3
63911,1
63926,4
63940,4
63943,4
63950,3
63955,5
63956,2
63966,3
63998,2
64012,3
64015,5
64016,4
64029,3
64040,2
64068,2
64071,5
64077,1
64111,3
64136,3
64156,2
64161,5
64172,1
64192,2
64202,3
64216,3
64218,3
64243,5
64245,4
64258,2
64259,4
64272,2
64274,3
64282,4
64310,5
64322,1
64333,3
64338,1
64340,4
64341,2
64342,1
64369,1
64380,5
64401,4
64413,2
64415,3
64416,4
64439,5
64441,2
64442,4
64453,3
64455,3
64460,3
64484,4
64487,1
64490,1
64500,3
64516,1
64520,5
64523,5
64533,3
64540,4
64555,2
64565,4
64604,3
64608,1
64609,5
64611,5
64615,5
64619,1
64631,3
64632,3
64645,3
64675,3
64676,4
64679,1
64680,5
64705,5
64727,2
64748,5
64754,2
64799,1
64803,2
64812,5
64816,3
64838,3
64853,2
64863,2
64869,1
64876,5
64912,4
64937,3
64941,4
64948,1
64975,5
64979,3
64993,1
65009,2
65031,5
65033,4
65037,2
65048,2
65086,3
65099,5
65104,5
65109,5
65119,5
65122,3
65134,4
65139,1
65147,1
65153,2
65175,1
65201,5
65211,1
65256,3
65260,1
65268,5
65281,4
65295,4
65302,2
65304,3
65309,4
65311,4
65319,3
65326,2
65358,4
65369,4
65467,4
65487,4
65523,5
65529,3
65545,3
65554,1
65613,4
65639,2
65642,4
65652,1
65658,3
65660,4
65684,5
65692,1
65717,3
65732,1
65737,4
65740,4
65756,2
65769,4
65771,4
65772,5
65776,5
65781,2
65809,4
65815,4
65817,3
65825,1
65852,1
65861,3
65869,3
65885,4
65891,2
65897,5
65901,4
65954,2
65955,5
65957,3
65958,4
65966,1
65968,2
65980,4
65981,2
65993,5
65994,3
65998,1
66012,5
66033,2
66043,2
66070,2
66104,5
66106,5
66124,5
66137,2
66146,2
66161,3
66179,3
66190,2
66200,4
66208,2
66226,1
66239,1
66245,3
66249,1
66251,2
66276,3
66285,2
66289,3
66293,5
66294,1
66341,3
66362,5
66365,2
66387,1
66394,5
66413,4
66420,5
66434,4
66443,2
66445,1
66451,4
66488,5
66507,3
66527,3
66528,4
66531,4
66547,2
66577,2
66583,3
66589,1
66606,3
66623,5
66646,5
66659,4
66660,5
66671,4
66672,3
66674,3
66675,3
66683,2
66691,1
66692,3
66701,5
66706,1
66707,2
66709,3
66710,2
66723,5
66724,3
66730,4
66732,2
66742,4
66759,4
66764,4
66779,2
66792,2
66805,4
66807,5
66812,4
66838,2
66847,2
66859,4
66865,1
66888,5
66903,4
66914,2
66932,5
66938,4
66939,1
66948,5
66954,1
66963,5
66982,3
66984,4
66992,2
66993,4
66996,3
67005,3
67008,3
67038,2
67055,4
67084,3
67115,3
67121,5
67124,4
67128,3
67136,1
67142,5
67176,1
67180,4
67185,4
67201,5
67225,2
67229,4
67277,1
67280,1
67283,5
67286,4
67312,1
67318,3
67331,4
67370,4
67373,2
67378,5
67379,5
67395,1
67406,3
67409,2
67421,5
67439,5
67459,4
67466,1
67479,3
67502,2
67531,4
67545,4
67553,5
67557,1
67575,5
67586,4
67606,4
67614,2
67673,1
67680,4
67713,1
67730,4
67749,1
67760,4
67792,1
67793,5
67803,3
67806,5
67834,4
67847,3
67862,2
67871,2
67873,2
67889,3
67922,2
67929,2
67988,2
67998,5
68022,4
68027,5
68031,4
68035,3
68041,1
68042,5
68059,2
68074,4
68078,1
68097,1
68099,1
68117,3
68125,5
68149,2
68164,2
68166,5
68178,2
68183,1
68197,4
68198,3
68214,4
68229,2
68236,4
68246,1
68251,4
68252,1
68254,4
68282,3
68287,5
68288,4
68307,2
68331,4
68336,4
68341,2
68353,1
68363,4
68364,1
68370,4
68375,4
68382,3
68391,5
68402,2
68407,4
68416,3
68421,4
68429,5
68432,2
68454,1
68494,4
68499,4
68505,3
68509,2
68514,3
68524,5
68525,2
68530,4
68537,1
68538,2
68555,5
68561,5
68612,4
68635,4
68642,1
68654,4
68660,3
68662,3
68668,2
68681,1
68682,4
68693,4
68711,5
68720,4
68725,3
68728,4
68731,1
68732,5
68756,3
68768,4
68772,2
68798,1
68821,5
68851,1
68856,5
68859,5
68876,2
68877,4
68882,4
68890,1
68893,5
68894,5
68895,3
68896,3
68897,2
68907,3
68919,1
68926,2
68934,5
68945,3
68956,1
68962,2
68970,5
68976,4
68982,1
68986,3
68996,2
69000,3
69003,5
69004,4
69019,2
69021,4
69022,4
69042,5
69070,5
69084,2
69102,3
69114,2
69121,3
69128,4
69142,4
69155,5
69161,4
69177,5
69192,1
69202,1
69205,1
69235,4
69252,4
69259,5
69279,5
69292,3
69294,3
69303,1
69308,4
69313,4
69328,1
69334,3
69335,3
69357,5
69367,1
69395,3
69402,3
69407,5
69414,2
69436,1
69442,2
69479,3
69485,5
69489,4
69493,3
69494,5
69502,5
69515,5
69528,3
69541,4
69542,3
69547,3
69548,1
69563,1
69599,4
69636,1
69637,3
69651,3
69666,2
69695,4
69704,2
69718,3
69730,1
69734,4
69760,1
69762,2
69767,3
69768,4
69779,5
69820,5
69827,5
69854,3
69860,1
69884,3
69889,5
69897,1
69909,5
69925,2
69940,1
69949,5
69962,4
69963,1
69974,3
69975,1
69994,2
69998,1
70010,2
70013,4
70016,2
70020,2
70025,2
70056,2
70057,2
70084,2
70117,4
70119,4
70124,2
70137,2
70139,2
70148,5
70186,2
70198,1
70218,1
70219,3
70220,3
70222,3
70225,3
70226,1
70236,5
70251,5
70252,4
70260,5
70271,5
70291,1
70301,3
70339,1
70360,2
70364,1
70366,5
70376,3
70401,3
70417,5
70419,1
70432,4
70435,3
70444,3
70452,1
70455,1
70462,2
70467,3
70469,3
70470,5
70476,5
70477,5
70484,2
70497,1
70499,3
70507,2
70563,1
70577,2
70592,2
70597,3
70599,3
70601,2
70602,3
70608,3
70625,1
70630,2
70643,3
70665,5
70683,5
70733,3
70741,3
70749,1
70756,5
70792,1
70802,5
70806,1
70811,2
70821,4
70832,5
70834,2
70841,5
70844,4
70850,5
70869,2
70881,1
70892,1
70903,3
70904,3
70979,2
70987,1
70996,1
71034,3
71100,3
71121,3
71123,4
71157,1
71164,2
71199,5
71202,5
71203,4
71221,3
71249,4
71258,1
71264,1
71268,5
71281,2
71352,1
71374,3
71381,5
71389,2
71390,1
71422,3
71423,1
71436,4
71437,2
71454,3
71455,2
71459,1
71494,5
71517,3
71551,5
71564,3
71605,2
71608,2
71617,2
71642,5
71673,5
71713,5
71715,4
71728,3
71732,5
71786,5
71794,4
71795,2
71798,4
71803,2
71829,4
71831,4
71836,5
71851,1
71859,1
71867,2
71873,5
71876,5
71879,1
71900,3
71903,2
71912,3
71939,2
71966,3
71973,2
71984,3
72015,3
72024,4
72026,1
72033,4
72072,2
72082,1
72090,5
72114,2
72122,4
72145,2
72153,4
72180,3
72203,5
72204,4
72207,1
72219,5
72220,3
72225,5
72278,1
72297,4
72299,1
72318,5
72325,3
72341,2
72389,2
72392,2
72403,4
72409,5
72413,4
72433,3
72446,3
72448,3
72451,3
72456,2
72502,1
72509,4
72514,4
72519,1
72526,1
72527,1
72543,3
72548,1
72603,5
72610,4
72613,4
72628,1
72637,4
72645,2
72649,3
72654,4
72656,1
72659,3
72663,3
72687,3
72688,1
72689,5
72697,5
72704,5
72705,3
72707,4
72720,2
72731,5
72749,1
72758,4
72777,2
72788,2
72794,5
72814,2
72815,1
72818,5
72822,5
72828,3
72842,4
72853,5
72854,2
72905,5
72931,5
72972,2
72975,2
72979,2
73019,4
73051,1
73053,1
73054,4
73068,2
73073,5
73077,1
73082,3
73132,5
73141,5
73170,5
73192,2
73197,4
73201,3
73239,3
73270,1
73277,2
73278,1
73321,1
73364,4
73376,1
73377,2
73432,4
73438,5
73460,3
73467,4
73524,2
73558,5
73581,2
73597,2
73608,2
73645,5
73649,2
73651,5
73655,1
73661,1
73698,4
73710,2
73727,2
73736,5
73741,5
73758,5
73764,2
73772,2
73780,2
73782,2
73812,2
73814,1
73816,1
73820,4
73826,2
73831,2
73845,3
73856,5
73895,4
73896,3
73903,3
73934,4
73936,3
73963,4
73973,3
73974,1
74003,3
74013,1
74017,5
74022,3
74038,3
74058,5
74061,4
74064,1
74065,3
74075,4
74077,5
74088,1
74138,5
74139,2
74142,1
74154,3
74159,4
74163,2
74165,4
74185,3
74206,1
74234,1
74236,4
74266,5
74271,4
74282,5
74295,4
74302,3
74304,4
74307,4
74317,1
74338,1
74340,4
74356,4
74367,3
74370,3
74378,5
74379,5
74391,4
74410,3
74415,1
74430,3
74447,3
74469,4
74481,1
74517,1
74520,1
74525,5
74528,3
74542,3
74548,5
74559,3
74566,1
74572,2
74607,1
74614,3
74619,3
74629,3
74630,2
74632,1
74644,2
74658,2
74663,3
74675,1
74682,2
74685,2
74717,5
74727,5
74757,3
74759,2
74785,1
74787,2
74794,5
74798,5
74799,5
74811,1
74836,5
74859,2
74866,1
74871,1
74878,2
74891,1
74895,1
74897,4
74905,4
74909,5
74928,1
74934,3
74950,1
74961,1
74979,2
75007,1
75061,5
75065,3
75130,3
75139,5
75141,4
75160,1
75161,5
75169,2
75173,1
75174,5
75177,4
75182,5
75188,1
75190,2
75206,4
75215,5
75219,3
75220,3
75226,1
75265,1
75273,2
75276,3
75299,4
75318,1
75337,3
75345,1
75351,5
75358,3
75368,2
75369,1
75376,3
75419,3
75420,2
75421,2
75436,2
75450,3
75454,2
75461,2
75463,1
75492,2
75504,1
75509,5
75531,1
75532,1
75537,2
75556,4
75568,1
75569,4
75574,3
75598,1
75602,1
75627,4
75628,2
75631,2
75633,3
75649,5
75650,1
75664,3
75675,1
75684,2
75696,5
75700,1
75704,3
75707,2
75714,3
75722,2
75729,5
75731,1
75740,4
75756,3
75781,5
75789,5
75802,5
75804,5
75823,5
75828,4
75848,5
75852,5
75856,2
75865,5
75877,5
75884,1
75902,3
75912,4
75913,2
75915,5
75917,5
75947,5
75962,5
75979,3
75981,4
75983,2
75996,3
76033,2
76043,2
76044,5
76047,1
76050,3
76065,3
76067,5
76083,2
76088,3
76107,1
76131,1
76145,2
76147,5
76166,5
76175,5
76181,5
76202,1
76203,1
76219,3
76226,4
76239,2
76244,1
76251,1
76252,2
76255,4
76256,1
76257,2
76265,2
76277,4
76312,3
76322,2
76327,3
76331,3
76334,1
76362,2
76364,3
76367,2
76368,5
76373,1
76383,1
76402,3
76408,4
76413,4
76430,3
76433,5
76453,5
76485,3
76497,4
76517,1
76525,3
76530,4
76540,5
76552,5
76562,4
76585,1
76620,2
76627,1
76632,2
76643,4
76668,4
76690,4
76691,2
76708,2
76709,4
76716,5
76720,1
76724,1
76739,1
76750,1
76758,5
76764,1
76767,1
76782,1
76788,5
76800,1
76825,3
76837,4
76870,5
76888,3
76891,4
76895,5
76897,2
76909,5
76938,5
76943,3
76953,3
76959,4
76984,2
76990,4
76998,2
77035,5
77039,4
77055,2
77068,1
77082,5
77087,3
77088,1
77100,1
77105,1
77107,3
77118,5
77134,3
77158,4
77159,1
77165,5
77168,4
77183,2
77231,2
77243,1
77251,2
77260,3
77264,1
77282,4
77289,5
77308,4
77328,1
77335,4
77340,1
77356,5
77357,5
77361,1
77364,4
77366,1
77388,4
77410,5
77414,5
77423,1
77448,5
77456,5
77458,2
77460,5
77483,2
77499,1
77501,3
77505,5
77516,1
77523,1
77525,2
77540,5
77543,4
77546,2
77549,5
77562,5
77564,3
77580,3
77596,2
77612,4
77613,4
77639,5
77644,3
77656,2
77664,5
77675,3
77677,3
77689,3
77690,3
77710,3
77713,5
77722,4
77724,4
77742,5
77747,4
77750,5
77805,4
77810,2
77814,3
77816,4
77830,4
77835,4
77843,5
77864,5
77865,5
77878,5
77895,1
77896,4
77920,4
77930,4
77933,4
77938,5
77957,2
77959,1
77960,5
77994,5
78012,1
78018,3
78033,3
78045,5
78047,4
78070,4
78081,1
78086,1
78090,5
78098,1
78100,2
78105,2
78108,2
78125,1
78128,1
78136,5
78148,5
78149,2
78158,3
78170,1
78184,1
78193,3
78195,4
78204,3
78212,3
78221,1
78227,4
78231,3
78237,4
78242,2
78244,2
78247,5
78250,1
78251,1
78254,5
78263,3
78297,1
78310,4
78357,4
78358,1
78364,5
78375,5
78388,3
78391,5
78394,2
78438,4
78446,3
78454,1
78466,4
78467,1
78527,2
78587,1
78588,3
78604,1
78608,3
78617,3
78633,3
78651,4
78665,1
78699,1
78731,3
78732,3
78738,1
78748,2
78760,1
78772,2
78791,3
78828,5
78831,4
78835,4
78856,5
78857,4
78861,5
78864,4
78872,2
78879,4
78882,4
78905,4
78908,2
78932,1
78936,5
78946,2
78968,3
78975,4
78977,5
78986,3
78990,5
79004,1
79015,1
79039,2
79049,4
79052,5
79062,3
79083,5
79100,2
79101,1
79104,5
79106,4
79119,5
79129,1
79184,2
79187,3
79199,3
79202,5
79228,2
79266,2
79291,4
79298,2
79300,5
79311,5
79312,2
79369,3
79383,3
79405,3
79450,1
79476,5
79484,4
79486,4
79494,5
79495,2
79509,1
79533,4
79557,5
79563,5
79584,2
79587,5
79589,1
79596,3
79635,3
79653,5
79666,5
79684,1
79691,2
79699,3
79703,1
79704,5
79735,2
79737,2
79763,1
79783,1
79801,5
79803,3
79821,2
79828,1
79843,4
79857,1
79875,4
79884,4
79893,1
79894,5
79914,4
79922,4
79923,2
79937,2
79938,1
79943,5
79946,4
79950,4
79964,1
79974,2
79976,3
80002,5
80017,1
80022,4
80071,4
80073,5
80078,5
80102,3
80103,4
80117,1
80123,5
80124,3
80144,4
80146,5
80149,3
80150,2
80157,1
80162,5
80196,1
80213,1
80216,3
80225,2
80239,3
80245,5
80246,4
80253,1
80263,4
80265,2
80270,3
80282,5
80292,5
80296,2
80303,1
80315,2
80331,5
80389,1
80391,4
80407,5
80420,4
80421,1
80425,5
80446,2
80449,5
80457,4
80459,5
80463,3
80470,2
80471,4
80477,5
80482,4
80486,5
80488,5
80490,1
80500,1
80513,5
80515,3
80522,5
80542,1
80553,1
80595,5
80596,5
80598,1
80618,4
80644,1
80659,1
80664,1
80670,4
80680,5
80683,5
80689,5
80720,3
80760,1
80775,4
80801,4
80812,1
80816,5
80821,4
80834,3
80842,4
80863,1
80871,5
80879,4
80886,1
80888,2
80889,1
80916,5
80923,4
80964,1
80972,1
80973,3
80976,3
80989,2
80992,5
80994,2
80995,2
81015,1
81027,3
81034,5
81047,2
81050,3
81077,5
81081,3
81082,2
81084,4
81103,2
81105,1
81110,3
81120,1
81125,5
81141,4
81148,3
81161,2
81179,4
81191,4
81202,5
81212,3
81215,4
81216,3
81226,5
81227,4
81230,3
81235,3
81240,3
81258,2
81280,5
81325,1
81333,3
81341,3
81345,3
81355,3
81368,1
81376,3
81392,1
81395,5
81413,1
81424,4
81451,4
81461,1
81470,2
81483,1
81498,3
81500,4
81515,3
81516,4
81532,3
81551,3
81554,5
81557,5
81558,5
81605,2
81606,1
81621,4
81625,5
81657,2
81669,2
81676,4
81693,4
81705,4
81719,4
81729,1
81746,2
81754,2
81761,2
81762,3
81774,4
81785,2
81816,5
81833,4
81847,1
81857,3
81864,3
81873,1
81901,2
81913,1
81928,4
81937,2
81947,5
81969,3
81980,2
81983,5
81997,2
82015,2
82016,3
82036,4
82045,5
82048,2
82052,1
82065,4
82066,2
82073,4
82094,3
82099,2
82120,5
82128,1
82140,3
82144,5
82164,5
82171,5
82177,4
82184,5
82203,1
82213,1
82215,2
82245,1
82248,5
82249,3
82256,4
82263,3
82277,4
82285,5
82301,1
82323,2
82352,5
82355,1
82357,4
82370,1
82397,5
82398,4
82400,5
82405,5
82417,1
82446,4
82467,1
82474,5
82475,5
82492,2
82502,1
82513,3
82555,1
82559,1
82560,3
82587,5
82631,4
82639,3
82643,5
82684,5
82696,3
82706,2
82710,2
82751,3
82755,3
82794,4
82796,1
82805,3
82824,2
82827,5
82829,5
82835,4
82851,2
82867,4
82876,5
82878,2
82890,3
82904,4
82913,4
82920,2
82950,5
82959,3
82980,5
82993,4
83008,3
83020,5
83043,2
83045,2
83080,2
83088,4
83089,4
83097,5
83110,1
83117,4
83124,2
83129,5
83151,4
83160,2
83175,1
83185,4
83205,3
83222,2
83225,4
83247,1
83294,3
83302,3
83330,5
83337,1
83341,4
83342,5
83346,5
83353,4
83355,4
83361,4
83376,1
83382,5
83384,4
83398,3
83399,1
83403,4
83405,5
83424,2
83427,2
83473,3
83490,5
83496,5
83507,3
83519,5
83542,4
83555,3
83603,2
83612,4
83621,1
83628,4
83629,3
83633,2
83646,4
83664,3
83685,1
83697,5
83698,2
83704,3
83713,2
83714,4
83719,3
83739,2
83749,4
83751,5
83756,3
83800,1
83801,4
83804,5
83821,5
83825,3
83844,1
83863,3
83893,1
83908,1
83918,4
83920,4
83928,1
83934,2
83941,2
83944,5
83946,2
83970,2
83990,1
83996,4
84001,4
84002,5
84015,2
84016,5
84020,5
84031,1
84037,5
84048,3
84050,1
84058,3
84064,4
84078,1
84084,2
84108,3
84112,4
84147,1
84153,3
84175,5
84199,1
84211,4
84219,3
84226,1
84228,5
84229,4
84232,5
84245,1
84250,3
84255,4
84291,3
84297,5
84300,3
84310,4
84323,4
84338,2
84365,3
84369,2
84382,5
84384,2
84394,5
84414,3
84432,2
84436,3
84457,5
84475,1
84498,2
84507,1
84513,4
84517,5
84524,3
84525,2
84530,5
84538,1
84541,3
84547,5
84558,3
84572,5
84574,5
84583,2
84608,2
84641,4
84671,2
84678,1
84692,4
84703,2
84705,2
84724,4
84743,3
84749,2
84764,1
84787,3
84788,2
84798,4
84808,5
84809,4
84813,5
84824,2
84840,1
84867,5
84873,2
84879,3
84881,1
84928,5
84937,5
84938,1
84948,5
84957,3
84992,3
84999,2
85002,4
85006,2
85009,3
85029,5
85051,5
85056,2
85059,3
85070,4
85097,1
85121,1
85130,5
85141,1
85143,3
85162,4
85163,3
85174,5
85176,4
85180,2
85185,1
85200,1
85201,1
85205,5
85207,1
85213,1
85216,2
85220,5
85227,1
85229,4
85230,2
85234,5
85239,2
85256,3
85328,4
85329,5
85332,4
85347,3
85380,2
85395,2
85397,4
85401,4
85404,5
85411,3
85414,4
85419,2
85432,2
85442,5
85459,4
85461,4
85465,1
85481,1
85488,4
85493,4
85515,1
85518,4
85520,1
85522,3
85526,1
85532,4
85550,5
85553,4
85560,2
85565,3
85590,1
85597,5
85599,1
85610,3
85616,5
85620,3
85626,5
85628,1
85641,2
85652,4
85662,4
85695,5
85708,1
85709,2
85717,4
85719,4
85724,2
85728,5
85739,5
85741,1
85747,1
85750,1
85755,2
85766,2
85779,4
85788,5
85810,5
85815,1
85818,3
85825,3
85830,4
85839,1
85846,1
85868,1
85882,5
85897,2
85911,5
85935,1
85938,2
85947,5
85949,4
85957,1
85964,1
85980,3
85990,4
85998,5
86012,4
86016,3
86019,1
86020,4
86081,5
86086,4
86087,2
86089,2
86100,4
86101,5
86107,5
86127,3
86145,4
86195,5
86216,1
86219,1
86227,1
86228,3
86239,3
86245,4
86258,5
86265,3
86279,1
86307,3
86308,4
86311,1
86331,1
86335,3
86342,2
86346,3
86375,5
86388,4
86389,5
86416,5
86430,1
86438,4
86439,5
86453,2
86468,2
86477,2
86501,2
86510,3
86531,1
86536,2
86544,3
86553,5
86584,4
86585,3
86595,4
86601,2
86615,5
86651,1
86652,5
86664,5
86701,5
86715,2
86721,2
86740,1
86750,2
86787,3
86789,2
86792,3
86793,4
86840,5
86870,5
86885,3
86896,2
86900,1
86915,4
86916,4
86933,3
86934,2
86939,5
86959,3
86977,5
86985,1
86996,5
87007,4
87009,1
87035,1
87044,1
87045,2
87046,5
87048,1
87051,4
87112,3
87121,3
87141,3
87149,1
87157,1
87169,1
87174,4
87181,2
87185,2
87197,5
87202,1
87229,1
87259,4
87282,5
87286,1
87288,4
87295,1
87296,1
87301,5
87328,1
87339,2
87340,5
87344,4
87347,1
87362,4
87373,3
87385,2
87412,1
87430,2
87439,2
87452,1
87457,4
87471,3
87480,2
87481,4
87490,2
87494,5
87503,2
87509,3
87514,5
87520,3
87557,1
87569,5
87571,5
87574,5
87580,3
87583,4
87600,1
87603,2
87608,4
87619,3
87627,3
87637,3
87647,1
87654,4
87680,5
87681,5
87711,2
87722,2
87729,4
87737,1
87756,3
87758,5
87775,3
87782,3
87785,4
87835,3
87863,3
87866,1
87890,4
87925,3
87926,1
87928,5
87929,3
87936,5
87939,5
87955,4
87962,1
87982,5
88008,3
88033,3
88046,1
88083,3
88086,4
88108,1
88146,3
88157,2
88158,1
88162,1
88168,1
88224,5
88225,5
88228,1
88233,1
88241,5
88242,1
88267,2
88298,1
88309,3
88312,4
88347,2
88357,2
88361,4
88362,1
88364,1
88394,3
88398,2
88402,4
88403,3
88416,4
88438,2
88440,4
88466,5
88467,2
88491,5
88494,3
88496,3
88514,1
88519,1
88524,5
88526,3
88543,1
88556,1
88566,2
88588,3
88594,1
88596,3
88625,4
88651,5
88661,1
88704,5
88708,1
88709,2
88733,2
88754,1
88756,4
88799,1
88803,5
88804,1
88805,2
88808,5
88813,1
88834,2
88853,5
88855,3
88887,4
88892,2
88893,5
88896,1
88898,2
88907,3
88908,3
88910,3
88911,3
88926,5
88933,3
88937,4
88948,2
88962,1
88966,5
88990,3
88991,1
89001,3
89006,5
89010,4
89016,2
89050,5
89066,1
89074,5
89082,4
89085,4
89090,1
89093,2
89103,3
89109,2
89110,1
89127,3
89128,4
89149,3
89157,3
89165,3
89166,3
89181,2
89188,4
89202,5
89222,3
89231,5
89236,1
89244,1
89252,4
89271,4
89274,5
89278,5
89292,5
89320,1
89324,2
89339,3
89356,3
89364,1
89386,4
89403,1
89409,4
89422,2
89431,1
89455,2
89464,4
89475,3
89497,5
89498,2
89499,2
89504,3
89528,5
89543,1
89591,4
89596,3
89615,2
89622,5
89633,2
89641,5
89645,1
89647,2
89696,2
89721,3
89727,2
89756,3
89765,3
89787,4
89811,2
89815,3
89867,3
89873,4
89889,3
89897,5
89931,2
89938,2
89942,4
89944,3
89987,3
89989,3
89994,3
89997,5
90001,4
90024,3
90031,2
90038,4
90054,3
90072,5
90097,2
90100,3
90143,3
90154,1
90156,2
90183,4
90194,2
90198,4
90209,4
90228,5
90233,4
90236,3
90268,3
90269,2
90288,2
90289,2
90291,4
90293,4
90309,1
90314,5
90329,5
90343,3
90352,3
90365,3
90394,4
90403,1
90406,5
90423,1
90444,5
90454,5
90458,2
90459,5
90461,5
90463,1
90482,4
90509,2
90512,1
90528,2
90534,4
90556,4
90557,1
90575,2
90598,3
90609,5
90624,5
90640,1
90648,4
90657,1
90686,1
90687,5
90698,3
90711,4
90734,3
90750,4
90766,2
90772,1
90775,1
90788,2
90795,2
90797,5
90798,4
90811,2
90833,3
90836,1
90862,5
90870,3
90874,2
90883,4
90975,3
90981,4
90984,4
91001,4
91002,5
91016,3
91028,5
91035,4
91041,1
91067,1
91100,5
91112,3
91125,1
91149,4
91155,4
91158,3
91165,3
91168,4
91179,3
91212,4
91246,4
91260,1
91262,2
91265,2
91283,4
91284,2
91299,1
91302,2
91304,4
91307,5
91316,1
91324,5
91335,3
91339,5
91353,5
91363,4
91368,3
91386,3
91412,1
91434,3
91458,1
91464,1
91469,2
91491,4
91498,1
91515,1
91530,1
91540,3
91588,1
91590,3
91612,4
91643,4
91662,5
91666,1
91672,4
91684,3
91687,3
91696,4
91705,1
91715,5
91718,4
91723,3
91742,3
91746,2
91751,2
91787,2
91791,3
91800,1
91801,5
91806,5
91807,1
91817,4
91860,5
91869,3
91874,5
91875,1
91878,5
91885,3
91887,1
91890,3
91910,5
91914,5
91920,5
91925,2
91945,5
91972,2
91979,1
92003,2
92008,5
92017,5
92028,4
92030,4
92032,1
92040,2
92048,1
92069,4
92112,2
92117,3
92125,2
92127,3
92134,2
92136,1
92145,4
92147,5
92164,5
92172,5
92174,2
92177,4
92189,1
92195,3
92214,3
92217,3
92218,3
92225,3
92239,3
92251,5
92276,3
92287,1
92293,4
92296,1
92301,3
92314,2
92315,1
92324,3
92331,4
92336,4
92339,4
92341,1
92349,3
92350,3
92356,5
92361,3
92383,3
92399,5
92410,1
92449,2
92460,4
92465,3
92466,1
92468,3
92470,2
92474,1
92479,5
92491,3
92531,1
92533,1
92539,3
92548,3
92600,2
92605,3
92616,1
92618,4
92627,4
92630,1
92633,3
92636,1
92639,1
92647,1
92648,5
92663,5
92713,4
92714,2
92736,3
92747,4
92748,4
92753,5
92754,3
92761,1
92762,4
92763,5
92764,1
92775,1
92783,3
92801,1
92815,2
92817,1
92823,1
92826,3
92828,5
92834,5
92836,2
92842,5
92845,3
92849,4
92887,5
92896,4
92910,4
92938,2
92944,1
92947,3
92953,1
92963,4
92998,2
93009,5
93014,5
93016,4
93019,2
93032,1
93055,2
93060,3
93072,1
93075,3
93091,1
93123,3
93158,4
93178,3
93189,3
93197,2
93204,1
93222,2
93230,1
93266,1
93269,1
93283,1
93287,4
93294,3
93302,4
93332,1
93335,1
93343,1
93351,4
93383,5
93386,2
93387,3
93401,4
93419,1
93432,1
93435,3
93449,2
93458,1
93461,4
93478,1
93488,3
93545,2
93560,5
93566,3
93586,1
93606,4
93619,1
93630,5
93631,4
93655,4
93659,2
93682,5
93696,2
93708,5
93710,4
93711,5
93715,1
93717,4
93738,3
93747,2
93765,2
93774,3
93784,5
93792,1
93801,1
93811,4
93825,5
93843,1
93847,1
93850,3
93865,1
93878,1
93886,3
93891,2
93896,2
93924,3
93963,5
93991,3
93992,1
94003,1
94006,3
94009,4
94019,2
94051,3
94077,1
94082,1
94088,2
94102,1
94125,4
94142,1
94165,1
94166,3
94186,3
94254,1
94259,5
94262,4
94286,5
94288,4
94334,1
94356,3
94368,4
94372,5
94409,4
94412,5
94436,3
94442,1
94460,2
94479,5
94489,1
94509,3
94512,5
94520,1
94522,1
94533,2
94539,2
94545,3
94548,5
94557,4
94569,3
94578,1
94584,2
94598,3
94607,2
94634,3
94635,5
94636,2
94641,2
94647,4
94660,3
94661,4
94676,5
94692,5
94703,3
94707,3
94711,1
94712,3
94724,1
94727,1
94768,4
94785,5
94812,1
94814,1
94827,2
94832,3
94833,3
94835,4
94837,2
94838,3
94842,3
94845,3
94850,3
94867,3
94876,1
94885,4
94888,1
94891,5
94894,2
94905,5
94941,2
94954,5
94964,4
94970,4
94986,1
94999,1
95039,4
95050,1
95072,5
95075,5
95082,4
95093,5
95101,4
95116,1
95120,5
95123,4
95131,3
95133,5
95143,2
95146,4
95157,1
95159,4
95168,3
95176,3
95184,1
95214,3
95219,1
95233,5
95256,5
95263,5
95268,1
95276,5
95319,2
95337,2
95339,5
95366,5
95383,4
95407,5
95432,1
95443,5
95471,5
95474,3
95487,5
95499,2
95505,3
95526,2
95539,2
95541,1
95556,4
95561,3
95575,5
95597,1
95598,1
95599,4
95603,5
95616,4
95619,5
95627,3
95635,4
95636,2
95641,3
95654,3
95682,1
95686,3
95688,4
95691,3
95714,2
95722,2
95725,2
95738,1
95742,2
95744,1
95745,4
95757,5
95777,2
95790,1
95791,2
95794,4
95797,4
95799,2
95803,4
95805,5
95809,4
95826,5
95835,2
95870,4
95907,1
95910,4
95922,1
95932,2
95939,1
95941,4
95945,2
95949,3
95966,1
95970,3
95976,1
95977,3
95987,4
96014,3
96028,1
96034,3
96057,4
96067,5
96076,3
96082,3
96084,4
96097,2
96098,1
96110,5
96111,4
96145,5
96149,1
96158,1
96165,3
96179,5
96196,3
96206,1
96213,1
96215,1
96218,2
96244,3
96250,4
96252,3
96259,4
96266,2
96283,4
96289,2
96295,4
96296,2
96366,5
96373,1
96374,4
96378,5
96393,2
96394,4
96400,1
96407,2
96410,4
96416,3
96420,4
96432,5
96437,1
96441,4
96447,1
96448,4
96459,2
96476,1
96485,4
96524,5
96538,2
96545,4
96555,5
96557,4
96559,2
96568,1
96582,5
96603,4
96623,4
96637,5
96638,1
96640,3
96645,5
96653,5
96666,4
96680,5
96682,1
96707,4
96714,4
96731,4
96737,4
96755,4
96760,3
96772,3
96804,4
96810,4
96813,3
96814,4
96829,1
96858,5
96865,1
96887,1
96897,2
96911,2
96933,2
96936,4
96942,4
96961,3
96967,1
96973,5
96988,3
97012,2
97019,5
97030,5
97059,5
97068,4
97069,1
97117,2
97124,3
97129,3
97135,1
97154,2
97157,3
97167,4
97182,3
97189,4
97195,1
97205,4
97220,2
97229,3
97248,4
97265,3
97284,5
97292,5
97306,1
97319,2
97325,4
97328,4
97331,4
97338,3
97361,5
97367,5
97370,3
97387,5
97401,4
97407,2
97420,3
97422,2
97457,3
97473,3
97477,4
97480,2
97486,1
97527,2
97534,5
97536,1
97556,4
97565,3
97574,1
97576,5
97596,3
97601,5
97610,4
97621,2
97630,1
97632,1
97668,4
97671,1
97673,3
97698,2
97702,4
97740,5
97790,3
97800,3
97838,5
97857,3
97866,2
97875,2
97887,5
97894,5
97897,1
97902,2
97909,5
97914,4
97921,2
97924,3
97936,3
97939,1
97944,3
97972,4
97974,5
97977,5
97980,3
98014,2
98028,4
98029,1
98030,5
98031,5
98062,3
98079,5
98089,5
98101,5
98108,2
98115,1
98127,5
98129,3
98131,4
98141,4
98143,4
98155,1
98158,3
98171,1
98176,1
98188,1
98192,1
98197,5
98205,4
98240,5
98289,4
98293,3
98295,3
98304,1
98325,4
98334,5
98349,1
98373,1
98379,3
98393,1
98398,2
98452,1
98455,2
98465,2
98474,5
98484,4
98487,5
98488,4
98495,5
98501,5
98531,2
98536,1
98539,4
98560,5
98570,5
98591,1
98593,4
98605,3
98614,3
98621,2
98622,5
98627,5
98652,3
98654,4
98659,5
98673,1
98680,3
98681,5
98701,4
98717,5
98745,5
98750,5
98761,5
98775,4
98822,3
98831,5
98842,5
98847,5
98858,2
98870,1
98889,5
98892,4
98899,3
98908,2
98909,3
98925,1
98942,2
98945,1
98953,2
98958,4
98959,4
98963,1
98979,4
98996,3
99008,5
99020,1
99038,1
99053,2
99080,2
99102,4
99106,4
99124,1
99136,3
99144,3
99146,3
99162,5
99175,1
99179,2
99180,1
99192,1
99207,1
99232,5
99234,2
99262,2
99270,3
99272,2
99292,5
99314,2
99315,1
99321,3
99325,5
99349,3
99356,3
99370,4
99388,2
99396,3
99403,2
99407,5
99435,5
99437,1
99461,1
99473,1
99482,1
99492,3
99493,4
99497,4
99506,4
99525,3
99543,3
99547,4
99551,2
99569,1
99592,5
99594,4
99616,1
99640,4
99653,1
99659,5
99662,3
99680,1
99681,4
99707,2
99729,4
99752,1
99753,2
99758,5
99770,4
99775,1
99782,1
99789,2
99796,5
99825,2
99829,2
99831,5
99846,4
99849,1
99852,4
99863,1
99873,2
99875,5
99877,5
99881,4
99896,4
99920,5
99928,3
99958,2
99964,1
99969,3
99976,5
99978,2
99980,5
